id,ground_truth
0,0
1,0
2,0
3,0
4,0
5,0
6,0
7,0
8,0
9,0
10,0
11,0
12,0
13,0
14,0
15,0
16,0
17,0
18,0
19,0
20,0
21,0
22,0
23,0
24,0
25,0
26,0
27,0
28,0
29,0
30,0
31,0
32,0
33,0
34,0
35,0
36,0
37,0
38,0
39,0
40,0
41,0
42,0
43,0
44,0
45,0
46,0
47,0
48,0
49,0
50,0
51,0
52,0
53,0
54,0
55,0
56,0
57,0
58,0
59,0
60,0
61,0
62,0
63,0
64,0
65,0
66,0
67,0
68,0
69,0
70,0
71,0
72,0
73,0
74,0
75,0
76,0
77,0
78,0
79,0
80,0
81,0
82,0
83,0
84,0
85,0
86,0
87,0
88,0
89,0
90,0
91,0
92,0
93,0
94,0
95,0
96,0
97,0
98,0
99,0
100,0
101,0
102,0
103,0
104,0
105,0
106,0
107,0
108,0
109,0
110,0
111,1
112,1
113,1
114,1
115,1
116,1
117,1
118,1
119,1
120,1
121,1
122,1
123,1
124,1
125,1
126,1
127,1
128,1
129,1
130,1
131,1
132,1
133,1
134,1
135,1
136,1
137,1
138,1
139,1
140,1
141,1
142,1
143,1
144,1
145,1
146,1
147,1
148,1
149,1
150,1
151,1
152,1
153,1
154,1
155,1
156,1
157,1
158,1
159,1
160,1
161,1
162,1
163,1
164,1
165,1
166,1
167,1
168,1
169,1
170,1
171,1
172,1
173,1
174,1
175,1
176,1
177,1
178,1
179,1
180,1
181,1
182,1
183,1
184,1
185,1
186,1
187,1
188,1
189,1
190,1
191,1
192,1
193,1
194,1
195,1
196,1
197,1
198,1
199,1
200,1
201,1
202,1
203,1
204,1
205,1
206,1
207,1
208,1
209,1
210,1
211,1
212,1
213,1
214,2
215,2
216,2
217,2
218,2
219,2
220,2
221,2
222,2
223,2
224,2
225,2
226,2
227,2
228,2
229,2
230,2
231,2
232,2
233,2
234,2
235,2
236,2
237,2
238,2
239,2
240,2
241,2
242,2
243,2
244,2
245,2
246,2
247,2
248,2
249,2
250,2
251,2
252,2
253,2
254,2
255,2
256,2
257,2
258,2
259,2
260,2
261,2
262,2
263,2
264,2
265,2
266,2
267,2
268,2
269,2
270,2
271,2
272,2
273,2
274,2
275,2
276,2
277,2
278,2
279,2
280,2
281,2
282,2
283,2
284,2
285,2
286,2
287,2
288,2
289,2
290,2
291,2
292,2
293,2
294,2
295,2
296,2
297,2
298,2
299,2
300,2
301,2
302,2
303,2
304,2
305,2
306,2
307,2
308,2
309,2
310,2
311,2
312,2
313,2
314,2
315,2
316,2
317,3
318,3
319,3
320,3
321,3
322,3
323,3
324,3
325,3
326,3
327,3
328,3
329,3
330,3
331,3
332,3
333,3
334,3
335,3
336,3
337,3
338,3
339,3
340,3
341,3
342,3
343,3
344,3
345,3
346,3
347,3
348,3
349,3
350,3
351,3
352,3
353,3
354,3
355,3
356,3
357,3
358,3
359,3
360,3
361,3
362,3
363,3
364,3
365,3
366,3
367,3
368,3
369,3
370,3
371,3
372,3
373,3
374,3
375,3
376,3
377,3
378,3
379,3
380,3
381,3
382,3
383,3
384,3
385,3
386,3
387,3
388,3
389,3
390,3
391,3
392,3
393,3
394,3
395,3
396,3
397,3
398,3
399,3
400,3
401,3
402,3
403,3
404,3
405,3
406,3
407,3
408,3
409,3
410,3
411,3
412,3
413,3
414,3
415,3
416,3
417,3
418,3
419,3
420,4
421,4
422,4
423,4
424,4
425,4
426,4
427,4
428,4
429,4
430,4
431,4
432,4
433,4
434,4
435,4
436,4
437,4
438,4
439,4
440,4
441,4
442,4
443,4
444,4
445,4
446,4
447,4
448,4
449,4
450,4
451,4
452,4
453,4
454,4
455,4
456,4
457,4
458,4
459,4
460,4
461,4
462,4
463,4
464,4
465,4
466,4
467,4
468,4
469,4
470,4
471,4
472,4
473,4
474,4
475,4
476,4
477,4
478,4
479,4
480,4
481,4
482,4
483,4
484,4
485,4
486,4
487,4
488,4
489,4
490,4
491,4
492,4
493,4
494,4
495,4
496,4
497,4
498,4
499,4
500,4
501,4
502,4
503,4
504,4
505,4
506,4
507,4
508,4
509,4
510,4
511,4
512,4
513,4
514,4
515,4
516,4
517,4
518,4
519,4
520,4
521,5
522,5
523,5
524,5
525,5
526,5
527,5
528,5
529,5
530,5
531,5
532,5
533,5
534,5
535,5
536,5
537,5
538,5
539,5
540,5
541,5
542,5
543,5
544,5
545,5
546,5
547,5
548,5
549,5
550,5
551,5
552,5
553,5
554,5
555,5
556,5
557,5
558,5
559,5
560,5
561,5
562,5
563,5
564,5
565,5
566,5
567,5
568,5
569,5
570,5
571,5
572,5
573,5
574,5
575,5
576,5
577,5
578,5
579,5
580,5
581,5
582,5
583,5
584,5
585,5
586,5
587,5
588,5
589,5
590,5
591,5
592,5
593,5
594,5
595,5
596,5
597,5
598,5
599,5
600,5
601,5
602,5
603,5
604,5
605,5
606,5
607,5
608,5
609,5
610,5
611,5
612,5
613,5
614,5
615,5
616,6
617,6
618,6
619,6
620,6
621,6
622,6
623,6
624,6
625,6
626,6
627,6
628,6
629,6
630,6
631,6
632,6
633,6
634,6
635,6
636,6
637,6
638,6
639,6
640,6
641,6
642,6
643,6
644,6
645,6
646,6
647,6
648,6
649,6
650,6
651,6
652,6
653,6
654,6
655,6
656,6
657,6
658,6
659,6
660,6
661,6
662,6
663,6
664,6
665,6
666,6
667,6
668,6
669,6
670,6
671,6
672,6
673,6
674,6
675,6
676,6
677,6
678,6
679,6
680,6
681,6
682,6
683,6
684,6
685,6
686,6
687,6
688,6
689,6
690,6
691,6
692,6
693,6
694,6
695,6
696,6
697,6
698,6
699,6
700,6
701,6
702,6
703,6
704,6
705,6
706,6
707,6
708,6
709,7
710,7
711,7
712,7
713,7
714,7
715,7
716,7
717,7
718,7
719,7
720,7
721,7
722,7
723,7
724,7
725,7
726,7
727,7
728,7
729,7
730,7
731,7
732,7
733,7
734,7
735,7
736,7
737,7
738,7
739,7
740,7
741,7
742,7
743,7
744,7
745,7
746,7
747,7
748,7
749,7
750,7
751,7
752,7
753,7
754,7
755,7
756,7
757,7
758,7
759,7
760,7
761,7
762,7
763,7
764,7
765,7
766,7
767,7
768,7
769,7
770,7
771,7
772,7
773,7
774,7
775,7
776,7
777,7
778,7
779,7
780,7
781,7
782,7
783,7
784,7
785,7
786,7
787,7
788,7
789,7
790,7
791,7
792,7
793,7
794,7
795,7
796,7
797,7
798,7
799,7
800,8
801,8
802,8
803,8
804,8
805,8
806,8
807,8
808,8
809,8
810,8
811,8
812,8
813,8
814,8
815,8
816,8
817,8
818,8
819,8
820,8
821,8
822,8
823,8
824,8
825,8
826,8
827,8
828,8
829,8
830,8
831,8
832,8
833,8
834,8
835,8
836,8
837,8
838,8
839,8
840,8
841,8
842,8
843,8
844,8
845,8
846,8
847,8
848,8
849,8
850,8
851,8
852,8
853,8
854,8
855,8
856,8
857,8
858,8
859,8
860,8
861,8
862,8
863,8
864,8
865,8
866,8
867,8
868,8
869,8
870,8
871,8
872,8
873,8
874,8
875,8
876,8
877,8
878,8
879,8
880,8
881,8
882,8
883,8
884,8
885,8
886,8
887,9
888,9
889,9
890,9
891,9
892,9
893,9
894,9
895,9
896,9
897,9
898,9
899,9
900,9
901,9
902,9
903,9
904,9
905,9
906,9
907,9
908,9
909,9
910,9
911,9
912,9
913,9
914,9
915,9
916,9
917,9
918,9
919,9
920,9
921,9
922,9
923,9
924,9
925,9
926,9
927,9
928,9
929,9
930,9
931,9
932,9
933,9
934,9
935,9
936,9
937,9
938,9
939,9
940,9
941,9
942,9
943,9
944,9
945,9
946,9
947,9
948,9
949,9
950,9
951,9
952,9
953,9
954,9
955,9
956,9
957,9
958,9
959,9
960,9
961,9
962,9
963,9
964,9
965,9
966,9
967,9
968,9
969,9
970,9
971,9
972,9
973,10
974,10
975,10
976,10
977,10
978,10
979,10
980,10
981,10
982,10
983,10
984,10
985,10
986,10
987,10
988,10
989,10
990,10
991,10
992,10
993,10
994,10
995,10
996,10
997,10
998,10
999,10
1000,10
1001,10
1002,10
1003,10
1004,10
1005,10
1006,10
1007,10
1008,10
1009,10
1010,10
1011,10
1012,10
1013,10
1014,10
1015,10
1016,10
1017,10
1018,10
1019,10
1020,10
1021,10
1022,10
1023,10
1024,10
1025,10
1026,10
1027,10
1028,10
1029,10
1030,10
1031,10
1032,10
1033,10
1034,10
1035,10
1036,10
1037,10
1038,10
1039,10
1040,10
1041,10
1042,10
1043,10
1044,10
1045,10
1046,10
1047,10
1048,10
1049,10
1050,10
1051,10
1052,10
1053,10
1054,10
1055,10
1056,10
1057,10
1058,10
1059,11
1060,11
1061,11
1062,11
1063,11
1064,11
1065,11
1066,11
1067,11
1068,11
1069,11
1070,11
1071,11
1072,11
1073,11
1074,11
1075,11
1076,11
1077,11
1078,11
1079,11
1080,11
1081,11
1082,11
1083,11
1084,11
1085,11
1086,11
1087,11
1088,11
1089,11
1090,11
1091,11
1092,11
1093,11
1094,11
1095,11
1096,11
1097,11
1098,11
1099,11
1100,11
1101,11
1102,11
1103,11
1104,11
1105,11
1106,11
1107,11
1108,11
1109,11
1110,11
1111,11
1112,11
1113,11
1114,11
1115,11
1116,11
1117,11
1118,11
1119,11
1120,11
1121,11
1122,11
1123,11
1124,11
1125,11
1126,11
1127,11
1128,11
1129,11
1130,11
1131,11
1132,11
1133,11
1134,11
1135,11
1136,11
1137,11
1138,11
1139,12
1140,12
1141,12
1142,12
1143,12
1144,12
1145,12
1146,12
1147,12
1148,12
1149,12
1150,12
1151,12
1152,12
1153,12
1154,12
1155,12
1156,12
1157,12
1158,12
1159,12
1160,12
1161,12
1162,12
1163,12
1164,12
1165,12
1166,12
1167,12
1168,12
1169,12
1170,12
1171,12
1172,12
1173,12
1174,12
1175,12
1176,12
1177,12
1178,12
1179,12
1180,12
1181,12
1182,12
1183,12
1184,12
1185,12
1186,12
1187,12
1188,12
1189,12
1190,12
1191,12
1192,12
1193,12
1194,12
1195,12
1196,12
1197,12
1198,12
1199,12
1200,12
1201,12
1202,12
1203,12
1204,12
1205,12
1206,12
1207,12
1208,12
1209,12
1210,12
1211,12
1212,12
1213,12
1214,12
1215,12
1216,12
1217,12
1218,12
1219,13
1220,13
1221,13
1222,13
1223,13
1224,13
1225,13
1226,13
1227,13
1228,13
1229,13
1230,13
1231,13
1232,13
1233,13
1234,13
1235,13
1236,13
1237,13
1238,13
1239,13
1240,13
1241,13
1242,13
1243,13
1244,13
1245,13
1246,13
1247,13
1248,13
1249,13
1250,13
1251,13
1252,13
1253,13
1254,13
1255,13
1256,13
1257,13
1258,13
1259,13
1260,13
1261,13
1262,13
1263,13
1264,13
1265,13
1266,13
1267,13
1268,13
1269,13
1270,13
1271,13
1272,13
1273,13
1274,13
1275,13
1276,13
1277,13
1278,13
1279,13
1280,13
1281,13
1282,13
1283,13
1284,13
1285,13
1286,13
1287,13
1288,13
1289,13
1290,13
1291,13
1292,13
1293,13
1294,13
1295,13
1296,13
1297,13
1298,14
1299,14
1300,14
1301,14
1302,14
1303,14
1304,14
1305,14
1306,14
1307,14
1308,14
1309,14
1310,14
1311,14
1312,14
1313,14
1314,14
1315,14
1316,14
1317,14
1318,14
1319,14
1320,14
1321,14
1322,14
1323,14
1324,14
1325,14
1326,14
1327,14
1328,14
1329,14
1330,14
1331,14
1332,14
1333,14
1334,14
1335,14
1336,14
1337,14
1338,14
1339,14
1340,14
1341,14
1342,14
1343,14
1344,14
1345,14
1346,14
1347,14
1348,14
1349,14
1350,14
1351,14
1352,14
1353,14
1354,14
1355,14
1356,14
1357,14
1358,14
1359,14
1360,14
1361,14
1362,14
1363,14
1364,14
1365,14
1366,14
1367,14
1368,14
1369,14
1370,14
1371,14
1372,14
1373,14
1374,14
1375,14
1376,15
1377,15
1378,15
1379,15
1380,15
1381,15
1382,15
1383,15
1384,15
1385,15
1386,15
1387,15
1388,15
1389,15
1390,15
1391,15
1392,15
1393,15
1394,15
1395,15
1396,15
1397,15
1398,15
1399,15
1400,15
1401,15
1402,15
1403,15
1404,15
1405,15
1406,15
1407,15
1408,15
1409,15
1410,15
1411,15
1412,15
1413,15
1414,15
1415,15
1416,15
1417,15
1418,15
1419,15
1420,15
1421,15
1422,15
1423,15
1424,15
1425,15
1426,15
1427,15
1428,15
1429,15
1430,15
1431,15
1432,15
1433,15
1434,15
1435,15
1436,15
1437,15
1438,15
1439,15
1440,15
1441,15
1442,15
1443,15
1444,15
1445,15
1446,15
1447,15
1448,15
1449,15
1450,15
1451,15
1452,16
1453,16
1454,16
1455,16
1456,16
1457,16
1458,16
1459,16
1460,16
1461,16
1462,16
1463,16
1464,16
1465,16
1466,16
1467,16
1468,16
1469,16
1470,16
1471,16
1472,16
1473,16
1474,16
1475,16
1476,16
1477,16
1478,16
1479,16
1480,16
1481,16
1482,16
1483,16
1484,16
1485,16
1486,16
1487,16
1488,16
1489,16
1490,16
1491,16
1492,16
1493,16
1494,16
1495,16
1496,16
1497,16
1498,16
1499,16
1500,16
1501,16
1502,16
1503,16
1504,16
1505,16
1506,16
1507,16
1508,16
1509,16
1510,16
1511,16
1512,16
1513,16
1514,16
1515,16
1516,16
1517,16
1518,16
1519,16
1520,16
1521,16
1522,16
1523,16
1524,16
1525,16
1526,16
1527,17
1528,17
1529,17
1530,17
1531,17
1532,17
1533,17
1534,17
1535,17
1536,17
1537,17
1538,17
1539,17
1540,17
1541,17
1542,17
1543,17
1544,17
1545,17
1546,17
1547,17
1548,17
1549,17
1550,17
1551,17
1552,17
1553,17
1554,17
1555,17
1556,17
1557,17
1558,17
1559,17
1560,17
1561,17
1562,17
1563,17
1564,17
1565,17
1566,17
1567,17
1568,17
1569,17
1570,17
1571,17
1572,17
1573,17
1574,17
1575,17
1576,17
1577,17
1578,17
1579,17
1580,17
1581,17
1582,17
1583,17
1584,17
1585,17
1586,17
1587,17
1588,17
1589,17
1590,17
1591,17
1592,17
1593,17
1594,17
1595,17
1596,17
1597,17
1598,17
1599,18
1600,18
1601,18
1602,18
1603,18
1604,18
1605,18
1606,18
1607,18
1608,18
1609,18
1610,18
1611,18
1612,18
1613,18
1614,18
1615,18
1616,18
1617,18
1618,18
1619,18
1620,18
1621,18
1622,18
1623,18
1624,18
1625,18
1626,18
1627,18
1628,18
1629,18
1630,18
1631,18
1632,18
1633,18
1634,18
1635,18
1636,18
1637,18
1638,18
1639,18
1640,18
1641,18
1642,18
1643,18
1644,18
1645,18
1646,18
1647,18
1648,18
1649,18
1650,18
1651,18
1652,18
1653,18
1654,18
1655,18
1656,18
1657,18
1658,18
1659,18
1660,18
1661,18
1662,18
1663,18
1664,18
1665,18
1666,18
1667,18
1668,18
1669,18
1670,19
1671,19
1672,19
1673,19
1674,19
1675,19
1676,19
1677,19
1678,19
1679,19
1680,19
1681,19
1682,19
1683,19
1684,19
1685,19
1686,19
1687,19
1688,19
1689,19
1690,19
1691,19
1692,19
1693,19
1694,19
1695,19
1696,19
1697,19
1698,19
1699,19
1700,19
1701,19
1702,19
1703,19
1704,19
1705,19
1706,19
1707,19
1708,19
1709,19
1710,19
1711,19
1712,19
1713,19
1714,19
1715,19
1716,19
1717,19
1718,19
1719,19
1720,19
1721,19
1722,19
1723,19
1724,19
1725,19
1726,19
1727,19
1728,19
1729,19
1730,19
1731,19
1732,19
1733,19
1734,19
1735,19
1736,19
1737,19
1738,19
1739,19
1740,20
1741,20
1742,20
1743,20
1744,20
1745,20
1746,20
1747,20
1748,20
1749,20
1750,20
1751,20
1752,20
1753,20
1754,20
1755,20
1756,20
1757,20
1758,20
1759,20
1760,20
1761,20
1762,20
1763,20
1764,20
1765,20
1766,20
1767,20
1768,20
1769,20
1770,20
1771,20
1772,20
1773,20
1774,20
1775,20
1776,20
1777,20
1778,20
1779,20
1780,20
1781,20
1782,20
1783,20
1784,20
1785,20
1786,20
1787,20
1788,20
1789,20
1790,20
1791,20
1792,20
1793,20
1794,20
1795,20
1796,20
1797,20
1798,20
1799,20
1800,20
1801,20
1802,20
1803,20
1804,20
1805,20
1806,20
1807,20
1808,20
1809,21
1810,21
1811,21
1812,21
1813,21
1814,21
1815,21
1816,21
1817,21
1818,21
1819,21
1820,21
1821,21
1822,21
1823,21
1824,21
1825,21
1826,21
1827,21
1828,21
1829,21
1830,21
1831,21
1832,21
1833,21
1834,21
1835,21
1836,21
1837,21
1838,21
1839,21
1840,21
1841,21
1842,21
1843,21
1844,21
1845,21
1846,21
1847,21
1848,21
1849,21
1850,21
1851,21
1852,21
1853,21
1854,21
1855,21
1856,21
1857,21
1858,21
1859,21
1860,21
1861,21
1862,21
1863,21
1864,21
1865,21
1866,21
1867,21
1868,21
1869,21
1870,21
1871,21
1872,21
1873,21
1874,21
1875,21
1876,21
1877,21
1878,22
1879,22
1880,22
1881,22
1882,22
1883,22
1884,22
1885,22
1886,22
1887,22
1888,22
1889,22
1890,22
1891,22
1892,22
1893,22
1894,22
1895,22
1896,22
1897,22
1898,22
1899,22
1900,22
1901,22
1902,22
1903,22
1904,22
1905,22
1906,22
1907,22
1908,22
1909,22
1910,22
1911,22
1912,22
1913,22
1914,22
1915,22
1916,22
1917,22
1918,22
1919,22
1920,22
1921,22
1922,22
1923,22
1924,22
1925,22
1926,22
1927,22
1928,22
1929,22
1930,22
1931,22
1932,22
1933,22
1934,22
1935,22
1936,22
1937,22
1938,22
1939,22
1940,22
1941,22
1942,22
1943,22
1944,22
1945,22
1946,23
1947,23
1948,23
1949,23
1950,23
1951,23
1952,23
1953,23
1954,23
1955,23
1956,23
1957,23
1958,23
1959,23
1960,23
1961,23
1962,23
1963,23
1964,23
1965,23
1966,23
1967,23
1968,23
1969,23
1970,23
1971,23
1972,23
1973,23
1974,23
1975,23
1976,23
1977,23
1978,23
1979,23
1980,23
1981,23
1982,23
1983,23
1984,23
1985,23
1986,23
1987,23
1988,23
1989,23
1990,23
1991,23
1992,23
1993,23
1994,23
1995,23
1996,23
1997,23
1998,23
1999,23
2000,23
2001,23
2002,23
2003,23
2004,23
2005,23
2006,23
2007,23
2008,23
2009,23
2010,23
2011,23
2012,23
2013,23
2014,24
2015,24
2016,24
2017,24
2018,24
2019,24
2020,24
2021,24
2022,24
2023,24
2024,24
2025,24
2026,24
2027,24
2028,24
2029,24
2030,24
2031,24
2032,24
2033,24
2034,24
2035,24
2036,24
2037,24
2038,24
2039,24
2040,24
2041,24
2042,24
2043,24
2044,24
2045,24
2046,24
2047,24
2048,24
2049,24
2050,24
2051,24
2052,24
2053,24
2054,24
2055,24
2056,24
2057,24
2058,24
2059,24
2060,24
2061,24
2062,24
2063,24
2064,24
2065,24
2066,24
2067,24
2068,24
2069,24
2070,24
2071,24
2072,24
2073,24
2074,24
2075,24
2076,24
2077,24
2078,24
2079,24
2080,24
2081,24
2082,25
2083,25
2084,25
2085,25
2086,25
2087,25
2088,25
2089,25
2090,25
2091,25
2092,25
2093,25
2094,25
2095,25
2096,25
2097,25
2098,25
2099,25
2100,25
2101,25
2102,25
2103,25
2104,25
2105,25
2106,25
2107,25
2108,25
2109,25
2110,25
2111,25
2112,25
2113,25
2114,25
2115,25
2116,25
2117,25
2118,25
2119,25
2120,25
2121,25
2122,25
2123,25
2124,25
2125,25
2126,25
2127,25
2128,25
2129,25
2130,25
2131,25
2132,25
2133,25
2134,25
2135,25
2136,25
2137,25
2138,25
2139,25
2140,25
2141,25
2142,25
2143,25
2144,25
2145,25
2146,25
2147,25
2148,25
2149,25
2150,26
2151,26
2152,26
2153,26
2154,26
2155,26
2156,26
2157,26
2158,26
2159,26
2160,26
2161,26
2162,26
2163,26
2164,26
2165,26
2166,26
2167,26
2168,26
2169,26
2170,26
2171,26
2172,26
2173,26
2174,26
2175,26
2176,26
2177,26
2178,26
2179,26
2180,26
2181,26
2182,26
2183,26
2184,26
2185,26
2186,26
2187,26
2188,26
2189,26
2190,26
2191,26
2192,26
2193,26
2194,26
2195,26
2196,26
2197,26
2198,26
2199,26
2200,26
2201,26
2202,26
2203,26
2204,26
2205,26
2206,26
2207,26
2208,26
2209,26
2210,26
2211,26
2212,26
2213,26
2214,26
2215,26
2216,26
2217,27
2218,27
2219,27
2220,27
2221,27
2222,27
2223,27
2224,27
2225,27
2226,27
2227,27
2228,27
2229,27
2230,27
2231,27
2232,27
2233,27
2234,27
2235,27
2236,27
2237,27
2238,27
2239,27
2240,27
2241,27
2242,27
2243,27
2244,27
2245,27
2246,27
2247,27
2248,27
2249,27
2250,27
2251,27
2252,27
2253,27
2254,27
2255,27
2256,27
2257,27
2258,27
2259,27
2260,27
2261,27
2262,27
2263,27
2264,27
2265,27
2266,27
2267,27
2268,27
2269,27
2270,27
2271,27
2272,27
2273,27
2274,27
2275,27
2276,27
2277,27
2278,27
2279,27
2280,27
2281,27
2282,27
2283,27
2284,28
2285,28
2286,28
2287,28
2288,28
2289,28
2290,28
2291,28
2292,28
2293,28
2294,28
2295,28
2296,28
2297,28
2298,28
2299,28
2300,28
2301,28
2302,28
2303,28
2304,28
2305,28
2306,28
2307,28
2308,28
2309,28
2310,28
2311,28
2312,28
2313,28
2314,28
2315,28
2316,28
2317,28
2318,28
2319,28
2320,28
2321,28
2322,28
2323,28
2324,28
2325,28
2326,28
2327,28
2328,28
2329,28
2330,28
2331,28
2332,28
2333,28
2334,28
2335,28
2336,28
2337,28
2338,28
2339,28
2340,28
2341,28
2342,28
2343,28
2344,28
2345,28
2346,28
2347,28
2348,28
2349,28
2350,28
2351,29
2352,29
2353,29
2354,29
2355,29
2356,29
2357,29
2358,29
2359,29
2360,29
2361,29
2362,29
2363,29
2364,29
2365,29
2366,29
2367,29
2368,29
2369,29
2370,29
2371,29
2372,29
2373,29
2374,29
2375,29
2376,29
2377,29
2378,29
2379,29
2380,29
2381,29
2382,29
2383,29
2384,29
2385,29
2386,29
2387,29
2388,29
2389,29
2390,29
2391,29
2392,29
2393,29
2394,29
2395,29
2396,29
2397,29
2398,29
2399,29
2400,29
2401,29
2402,29
2403,29
2404,29
2405,29
2406,29
2407,29
2408,29
2409,29
2410,29
2411,29
2412,29
2413,29
2414,29
2415,29
2416,29
2417,29
2418,30
2419,30
2420,30
2421,30
2422,30
2423,30
2424,30
2425,30
2426,30
2427,30
2428,30
2429,30
2430,30
2431,30
2432,30
2433,30
2434,30
2435,30
2436,30
2437,30
2438,30
2439,30
2440,30
2441,30
2442,30
2443,30
2444,30
2445,30
2446,30
2447,30
2448,30
2449,30
2450,30
2451,30
2452,30
2453,30
2454,30
2455,30
2456,30
2457,30
2458,30
2459,30
2460,30
2461,30
2462,30
2463,30
2464,30
2465,30
2466,30
2467,30
2468,30
2469,30
2470,30
2471,30
2472,30
2473,30
2474,30
2475,30
2476,30
2477,30
2478,30
2479,30
2480,30
2481,30
2482,30
2483,30
2484,31
2485,31
2486,31
2487,31
2488,31
2489,31
2490,31
2491,31
2492,31
2493,31
2494,31
2495,31
2496,31
2497,31
2498,31
2499,31
2500,31
2501,31
2502,31
2503,31
2504,31
2505,31
2506,31
2507,31
2508,31
2509,31
2510,31
2511,31
2512,31
2513,31
2514,31
2515,31
2516,31
2517,31
2518,31
2519,31
2520,31
2521,31
2522,31
2523,31
2524,31
2525,31
2526,31
2527,31
2528,31
2529,31
2530,31
2531,31
2532,31
2533,31
2534,31
2535,31
2536,31
2537,31
2538,31
2539,31
2540,31
2541,31
2542,31
2543,31
2544,31
2545,31
2546,31
2547,31
2548,31
2549,31
2550,32
2551,32
2552,32
2553,32
2554,32
2555,32
2556,32
2557,32
2558,32
2559,32
2560,32
2561,32
2562,32
2563,32
2564,32
2565,32
2566,32
2567,32
2568,32
2569,32
2570,32
2571,32
2572,32
2573,32
2574,32
2575,32
2576,32
2577,32
2578,32
2579,32
2580,32
2581,32
2582,32
2583,32
2584,32
2585,32
2586,32
2587,32
2588,32
2589,32
2590,32
2591,32
2592,32
2593,32
2594,32
2595,32
2596,32
2597,32
2598,32
2599,32
2600,32
2601,32
2602,32
2603,32
2604,32
2605,32
2606,32
2607,32
2608,32
2609,32
2610,32
2611,32
2612,32
2613,32
2614,32
2615,32
2616,33
2617,33
2618,33
2619,33
2620,33
2621,33
2622,33
2623,33
2624,33
2625,33
2626,33
2627,33
2628,33
2629,33
2630,33
2631,33
2632,33
2633,33
2634,33
2635,33
2636,33
2637,33
2638,33
2639,33
2640,33
2641,33
2642,33
2643,33
2644,33
2645,33
2646,33
2647,33
2648,33
2649,33
2650,33
2651,33
2652,33
2653,33
2654,33
2655,33
2656,33
2657,33
2658,33
2659,33
2660,33
2661,33
2662,33
2663,33
2664,33
2665,33
2666,33
2667,33
2668,33
2669,33
2670,33
2671,33
2672,33
2673,33
2674,33
2675,33
2676,33
2677,33
2678,33
2679,33
2680,33
2681,34
2682,34
2683,34
2684,34
2685,34
2686,34
2687,34
2688,34
2689,34
2690,34
2691,34
2692,34
2693,34
2694,34
2695,34
2696,34
2697,34
2698,34
2699,34
2700,34
2701,34
2702,34
2703,34
2704,34
2705,34
2706,34
2707,34
2708,34
2709,34
2710,34
2711,34
2712,34
2713,34
2714,34
2715,34
2716,34
2717,34
2718,34
2719,34
2720,34
2721,34
2722,34
2723,34
2724,34
2725,34
2726,34
2727,34
2728,34
2729,34
2730,34
2731,34
2732,34
2733,34
2734,34
2735,34
2736,34
2737,34
2738,34
2739,34
2740,34
2741,34
2742,34
2743,34
2744,34
2745,34
2746,35
2747,35
2748,35
2749,35
2750,35
2751,35
2752,35
2753,35
2754,35
2755,35
2756,35
2757,35
2758,35
2759,35
2760,35
2761,35
2762,35
2763,35
2764,35
2765,35
2766,35
2767,35
2768,35
2769,35
2770,35
2771,35
2772,35
2773,35
2774,35
2775,35
2776,35
2777,35
2778,35
2779,35
2780,35
2781,35
2782,35
2783,35
2784,35
2785,35
2786,35
2787,35
2788,35
2789,35
2790,35
2791,35
2792,35
2793,35
2794,35
2795,35
2796,35
2797,35
2798,35
2799,35
2800,35
2801,35
2802,35
2803,35
2804,35
2805,35
2806,35
2807,35
2808,35
2809,35
2810,35
2811,36
2812,36
2813,36
2814,36
2815,36
2816,36
2817,36
2818,36
2819,36
2820,36
2821,36
2822,36
2823,36
2824,36
2825,36
2826,36
2827,36
2828,36
2829,36
2830,36
2831,36
2832,36
2833,36
2834,36
2835,36
2836,36
2837,36
2838,36
2839,36
2840,36
2841,36
2842,36
2843,36
2844,36
2845,36
2846,36
2847,36
2848,36
2849,36
2850,36
2851,36
2852,36
2853,36
2854,36
2855,36
2856,36
2857,36
2858,36
2859,36
2860,36
2861,36
2862,36
2863,36
2864,36
2865,36
2866,36
2867,36
2868,36
2869,36
2870,36
2871,36
2872,36
2873,36
2874,37
2875,37
2876,37
2877,37
2878,37
2879,37
2880,37
2881,37
2882,37
2883,37
2884,37
2885,37
2886,37
2887,37
2888,37
2889,37
2890,37
2891,37
2892,37
2893,37
2894,37
2895,37
2896,37
2897,37
2898,37
2899,37
2900,37
2901,37
2902,37
2903,37
2904,37
2905,37
2906,37
2907,37
2908,37
2909,37
2910,37
2911,37
2912,37
2913,37
2914,37
2915,37
2916,37
2917,37
2918,37
2919,37
2920,37
2921,37
2922,37
2923,37
2924,37
2925,37
2926,37
2927,37
2928,37
2929,37
2930,37
2931,37
2932,37
2933,37
2934,37
2935,37
2936,37
2937,38
2938,38
2939,38
2940,38
2941,38
2942,38
2943,38
2944,38
2945,38
2946,38
2947,38
2948,38
2949,38
2950,38
2951,38
2952,38
2953,38
2954,38
2955,38
2956,38
2957,38
2958,38
2959,38
2960,38
2961,38
2962,38
2963,38
2964,38
2965,38
2966,38
2967,38
2968,38
2969,38
2970,38
2971,38
2972,38
2973,38
2974,38
2975,38
2976,38
2977,38
2978,38
2979,38
2980,38
2981,38
2982,38
2983,38
2984,38
2985,38
2986,38
2987,38
2988,38
2989,38
2990,38
2991,38
2992,38
2993,38
2994,38
2995,38
2996,38
2997,38
2998,38
2999,38
3000,39
3001,39
3002,39
3003,39
3004,39
3005,39
3006,39
3007,39
3008,39
3009,39
3010,39
3011,39
3012,39
3013,39
3014,39
3015,39
3016,39
3017,39
3018,39
3019,39
3020,39
3021,39
3022,39
3023,39
3024,39
3025,39
3026,39
3027,39
3028,39
3029,39
3030,39
3031,39
3032,39
3033,39
3034,39
3035,39
3036,39
3037,39
3038,39
3039,39
3040,39
3041,39
3042,39
3043,39
3044,39
3045,39
3046,39
3047,39
3048,39
3049,39
3050,39
3051,39
3052,39
3053,39
3054,39
3055,39
3056,39
3057,39
3058,39
3059,39
3060,39
3061,40
3062,40
3063,40
3064,40
3065,40
3066,40
3067,40
3068,40
3069,40
3070,40
3071,40
3072,40
3073,40
3074,40
3075,40
3076,40
3077,40
3078,40
3079,40
3080,40
3081,40
3082,40
3083,40
3084,40
3085,40
3086,40
3087,40
3088,40
3089,40
3090,40
3091,40
3092,40
3093,40
3094,40
3095,40
3096,40
3097,40
3098,40
3099,40
3100,40
3101,40
3102,40
3103,40
3104,40
3105,40
3106,40
3107,40
3108,40
3109,40
3110,40
3111,40
3112,40
3113,40
3114,40
3115,40
3116,40
3117,40
3118,40
3119,40
3120,40
3121,41
3122,41
3123,41
3124,41
3125,41
3126,41
3127,41
3128,41
3129,41
3130,41
3131,41
3132,41
3133,41
3134,41
3135,41
3136,41
3137,41
3138,41
3139,41
3140,41
3141,41
3142,41
3143,41
3144,41
3145,41
3146,41
3147,41
3148,41
3149,41
3150,41
3151,41
3152,41
3153,41
3154,41
3155,41
3156,41
3157,41
3158,41
3159,41
3160,41
3161,41
3162,41
3163,41
3164,41
3165,41
3166,41
3167,41
3168,41
3169,41
3170,41
3171,41
3172,41
3173,41
3174,41
3175,41
3176,41
3177,41
3178,41
3179,42
3180,42
3181,42
3182,42
3183,42
3184,42
3185,42
3186,42
3187,42
3188,42
3189,42
3190,42
3191,42
3192,42
3193,42
3194,42
3195,42
3196,42
3197,42
3198,42
3199,42
3200,42
3201,42
3202,42
3203,42
3204,42
3205,42
3206,42
3207,42
3208,42
3209,42
3210,42
3211,42
3212,42
3213,42
3214,42
3215,42
3216,42
3217,42
3218,42
3219,42
3220,42
3221,42
3222,42
3223,42
3224,42
3225,42
3226,42
3227,42
3228,42
3229,42
3230,42
3231,42
3232,42
3233,42
3234,42
3235,42
3236,42
3237,43
3238,43
3239,43
3240,43
3241,43
3242,43
3243,43
3244,43
3245,43
3246,43
3247,43
3248,43
3249,43
3250,43
3251,43
3252,43
3253,43
3254,43
3255,43
3256,43
3257,43
3258,43
3259,43
3260,43
3261,43
3262,43
3263,43
3264,43
3265,43
3266,43
3267,43
3268,43
3269,43
3270,43
3271,43
3272,43
3273,43
3274,43
3275,43
3276,43
3277,43
3278,43
3279,43
3280,43
3281,43
3282,43
3283,43
3284,43
3285,43
3286,43
3287,43
3288,43
3289,43
3290,43
3291,43
3292,43
3293,43
3294,44
3295,44
3296,44
3297,44
3298,44
3299,44
3300,44
3301,44
3302,44
3303,44
3304,44
3305,44
3306,44
3307,44
3308,44
3309,44
3310,44
3311,44
3312,44
3313,44
3314,44
3315,44
3316,44
3317,44
3318,44
3319,44
3320,44
3321,44
3322,44
3323,44
3324,44
3325,44
3326,44
3327,44
3328,44
3329,44
3330,44
3331,44
3332,44
3333,44
3334,44
3335,44
3336,44
3337,44
3338,44
3339,44
3340,44
3341,44
3342,44
3343,44
3344,44
3345,44
3346,44
3347,44
3348,44
3349,44
3350,45
3351,45
3352,45
3353,45
3354,45
3355,45
3356,45
3357,45
3358,45
3359,45
3360,45
3361,45
3362,45
3363,45
3364,45
3365,45
3366,45
3367,45
3368,45
3369,45
3370,45
3371,45
3372,45
3373,45
3374,45
3375,45
3376,45
3377,45
3378,45
3379,45
3380,45
3381,45
3382,45
3383,45
3384,45
3385,45
3386,45
3387,45
3388,45
3389,45
3390,45
3391,45
3392,45
3393,45
3394,45
3395,45
3396,45
3397,45
3398,45
3399,45
3400,45
3401,45
3402,45
3403,45
3404,45
3405,45
3406,46
3407,46
3408,46
3409,46
3410,46
3411,46
3412,46
3413,46
3414,46
3415,46
3416,46
3417,46
3418,46
3419,46
3420,46
3421,46
3422,46
3423,46
3424,46
3425,46
3426,46
3427,46
3428,46
3429,46
3430,46
3431,46
3432,46
3433,46
3434,46
3435,46
3436,46
3437,46
3438,46
3439,46
3440,46
3441,46
3442,46
3443,46
3444,46
3445,46
3446,46
3447,46
3448,46
3449,46
3450,46
3451,46
3452,46
3453,46
3454,46
3455,46
3456,46
3457,46
3458,46
3459,47
3460,47
3461,47
3462,47
3463,47
3464,47
3465,47
3466,47
3467,47
3468,47
3469,47
3470,47
3471,47
3472,47
3473,47
3474,47
3475,47
3476,47
3477,47
3478,47
3479,47
3480,47
3481,47
3482,47
3483,47
3484,47
3485,47
3486,47
3487,47
3488,47
3489,47
3490,47
3491,47
3492,47
3493,47
3494,47
3495,47
3496,47
3497,47
3498,47
3499,47
3500,47
3501,47
3502,47
3503,47
3504,47
3505,47
3506,47
3507,47
3508,47
3509,47
3510,47
3511,47
3512,48
3513,48
3514,48
3515,48
3516,48
3517,48
3518,48
3519,48
3520,48
3521,48
3522,48
3523,48
3524,48
3525,48
3526,48
3527,48
3528,48
3529,48
3530,48
3531,48
3532,48
3533,48
3534,48
3535,48
3536,48
3537,48
3538,48
3539,48
3540,48
3541,48
3542,48
3543,48
3544,48
3545,48
3546,48
3547,48
3548,48
3549,48
3550,48
3551,48
3552,48
3553,48
3554,48
3555,48
3556,48
3557,48
3558,48
3559,48
3560,48
3561,48
3562,48
3563,48
3564,49
3565,49
3566,49
3567,49
3568,49
3569,49
3570,49
3571,49
3572,49
3573,49
3574,49
3575,49
3576,49
3577,49
3578,49
3579,49
3580,49
3581,49
3582,49
3583,49
3584,49
3585,49
3586,49
3587,49
3588,49
3589,49
3590,49
3591,49
3592,49
3593,49
3594,49
3595,49
3596,49
3597,49
3598,49
3599,49
3600,49
3601,49
3602,49
3603,49
3604,49
3605,49
3606,49
3607,49
3608,49
3609,49
3610,49
3611,49
3612,49
3613,49
3614,49
3615,50
3616,50
3617,50
3618,50
3619,50
3620,50
3621,50
3622,50
3623,50
3624,50
3625,50
3626,50
3627,50
3628,50
3629,50
3630,50
3631,50
3632,50
3633,50
3634,50
3635,50
3636,50
3637,50
3638,50
3639,50
3640,50
3641,50
3642,50
3643,50
3644,50
3645,50
3646,50
3647,50
3648,50
3649,50
3650,50
3651,50
3652,50
3653,50
3654,50
3655,50
3656,50
3657,50
3658,50
3659,50
3660,50
3661,50
3662,50
3663,50
3664,50
3665,50
3666,51
3667,51
3668,51
3669,51
3670,51
3671,51
3672,51
3673,51
3674,51
3675,51
3676,51
3677,51
3678,51
3679,51
3680,51
3681,51
3682,51
3683,51
3684,51
3685,51
3686,51
3687,51
3688,51
3689,51
3690,51
3691,51
3692,51
3693,51
3694,51
3695,51
3696,51
3697,51
3698,51
3699,51
3700,51
3701,51
3702,51
3703,51
3704,51
3705,51
3706,51
3707,51
3708,51
3709,51
3710,51
3711,51
3712,51
3713,51
3714,51
3715,51
3716,51
3717,52
3718,52
3719,52
3720,52
3721,52
3722,52
3723,52
3724,52
3725,52
3726,52
3727,52
3728,52
3729,52
3730,52
3731,52
3732,52
3733,52
3734,52
3735,52
3736,52
3737,52
3738,52
3739,52
3740,52
3741,52
3742,52
3743,52
3744,52
3745,52
3746,52
3747,52
3748,52
3749,52
3750,52
3751,52
3752,52
3753,52
3754,52
3755,52
3756,52
3757,52
3758,52
3759,52
3760,52
3761,52
3762,52
3763,52
3764,52
3765,52
3766,52
3767,53
3768,53
3769,53
3770,53
3771,53
3772,53
3773,53
3774,53
3775,53
3776,53
3777,53
3778,53
3779,53
3780,53
3781,53
3782,53
3783,53
3784,53
3785,53
3786,53
3787,53
3788,53
3789,53
3790,53
3791,53
3792,53
3793,53
3794,53
3795,53
3796,53
3797,53
3798,53
3799,53
3800,53
3801,53
3802,53
3803,53
3804,53
3805,53
3806,53
3807,53
3808,53
3809,53
3810,53
3811,53
3812,53
3813,53
3814,53
3815,53
3816,53
3817,54
3818,54
3819,54
3820,54
3821,54
3822,54
3823,54
3824,54
3825,54
3826,54
3827,54
3828,54
3829,54
3830,54
3831,54
3832,54
3833,54
3834,54
3835,54
3836,54
3837,54
3838,54
3839,54
3840,54
3841,54
3842,54
3843,54
3844,54
3845,54
3846,54
3847,54
3848,54
3849,54
3850,54
3851,54
3852,54
3853,54
3854,54
3855,54
3856,54
3857,54
3858,54
3859,54
3860,54
3861,54
3862,54
3863,54
3864,54
3865,54
3866,54
3867,55
3868,55
3869,55
3870,55
3871,55
3872,55
3873,55
3874,55
3875,55
3876,55
3877,55
3878,55
3879,55
3880,55
3881,55
3882,55
3883,55
3884,55
3885,55
3886,55
3887,55
3888,55
3889,55
3890,55
3891,55
3892,55
3893,55
3894,55
3895,55
3896,55
3897,55
3898,55
3899,55
3900,55
3901,55
3902,55
3903,55
3904,55
3905,55
3906,55
3907,55
3908,55
3909,55
3910,55
3911,55
3912,55
3913,55
3914,55
3915,55
3916,56
3917,56
3918,56
3919,56
3920,56
3921,56
3922,56
3923,56
3924,56
3925,56
3926,56
3927,56
3928,56
3929,56
3930,56
3931,56
3932,56
3933,56
3934,56
3935,56
3936,56
3937,56
3938,56
3939,56
3940,56
3941,56
3942,56
3943,56
3944,56
3945,56
3946,56
3947,56
3948,56
3949,56
3950,56
3951,56
3952,56
3953,56
3954,56
3955,56
3956,56
3957,56
3958,56
3959,56
3960,56
3961,56
3962,56
3963,56
3964,56
3965,57
3966,57
3967,57
3968,57
3969,57
3970,57
3971,57
3972,57
3973,57
3974,57
3975,57
3976,57
3977,57
3978,57
3979,57
3980,57
3981,57
3982,57
3983,57
3984,57
3985,57
3986,57
3987,57
3988,57
3989,57
3990,57
3991,57
3992,57
3993,57
3994,57
3995,57
3996,57
3997,57
3998,57
3999,57
4000,57
4001,57
4002,57
4003,57
4004,57
4005,57
4006,57
4007,57
4008,57
4009,57
4010,57
4011,57
4012,57
4013,57
4014,58
4015,58
4016,58
4017,58
4018,58
4019,58
4020,58
4021,58
4022,58
4023,58
4024,58
4025,58
4026,58
4027,58
4028,58
4029,58
4030,58
4031,58
4032,58
4033,58
4034,58
4035,58
4036,58
4037,58
4038,58
4039,58
4040,58
4041,58
4042,58
4043,58
4044,58
4045,58
4046,58
4047,58
4048,58
4049,58
4050,58
4051,58
4052,58
4053,58
4054,58
4055,58
4056,58
4057,58
4058,58
4059,58
4060,58
4061,59
4062,59
4063,59
4064,59
4065,59
4066,59
4067,59
4068,59
4069,59
4070,59
4071,59
4072,59
4073,59
4074,59
4075,59
4076,59
4077,59
4078,59
4079,59
4080,59
4081,59
4082,59
4083,59
4084,59
4085,59
4086,59
4087,59
4088,59
4089,59
4090,59
4091,59
4092,59
4093,59
4094,59
4095,59
4096,59
4097,59
4098,59
4099,59
4100,59
4101,59
4102,59
4103,59
4104,59
4105,59
4106,59
4107,59
4108,60
4109,60
4110,60
4111,60
4112,60
4113,60
4114,60
4115,60
4116,60
4117,60
4118,60
4119,60
4120,60
4121,60
4122,60
4123,60
4124,60
4125,60
4126,60
4127,60
4128,60
4129,60
4130,60
4131,60
4132,60
4133,60
4134,60
4135,60
4136,60
4137,60
4138,60
4139,60
4140,60
4141,60
4142,60
4143,60
4144,60
4145,60
4146,60
4147,60
4148,60
4149,60
4150,60
4151,60
4152,60
4153,60
4154,60
4155,61
4156,61
4157,61
4158,61
4159,61
4160,61
4161,61
4162,61
4163,61
4164,61
4165,61
4166,61
4167,61
4168,61
4169,61
4170,61
4171,61
4172,61
4173,61
4174,61
4175,61
4176,61
4177,61
4178,61
4179,61
4180,61
4181,61
4182,61
4183,61
4184,61
4185,61
4186,61
4187,61
4188,61
4189,61
4190,61
4191,61
4192,61
4193,61
4194,61
4195,61
4196,61
4197,61
4198,61
4199,61
4200,61
4201,61
4202,62
4203,62
4204,62
4205,62
4206,62
4207,62
4208,62
4209,62
4210,62
4211,62
4212,62
4213,62
4214,62
4215,62
4216,62
4217,62
4218,62
4219,62
4220,62
4221,62
4222,62
4223,62
4224,62
4225,62
4226,62
4227,62
4228,62
4229,62
4230,62
4231,62
4232,62
4233,62
4234,62
4235,62
4236,62
4237,62
4238,62
4239,62
4240,62
4241,62
4242,62
4243,62
4244,62
4245,62
4246,62
4247,62
4248,62
4249,63
4250,63
4251,63
4252,63
4253,63
4254,63
4255,63
4256,63
4257,63
4258,63
4259,63
4260,63
4261,63
4262,63
4263,63
4264,63
4265,63
4266,63
4267,63
4268,63
4269,63
4270,63
4271,63
4272,63
4273,63
4274,63
4275,63
4276,63
4277,63
4278,63
4279,63
4280,63
4281,63
4282,63
4283,63
4284,63
4285,63
4286,63
4287,63
4288,63
4289,63
4290,63
4291,63
4292,63
4293,63
4294,63
4295,63
4296,64
4297,64
4298,64
4299,64
4300,64
4301,64
4302,64
4303,64
4304,64
4305,64
4306,64
4307,64
4308,64
4309,64
4310,64
4311,64
4312,64
4313,64
4314,64
4315,64
4316,64
4317,64
4318,64
4319,64
4320,64
4321,64
4322,64
4323,64
4324,64
4325,64
4326,64
4327,64
4328,64
4329,64
4330,64
4331,64
4332,64
4333,64
4334,64
4335,64
4336,64
4337,64
4338,64
4339,64
4340,64
4341,65
4342,65
4343,65
4344,65
4345,65
4346,65
4347,65
4348,65
4349,65
4350,65
4351,65
4352,65
4353,65
4354,65
4355,65
4356,65
4357,65
4358,65
4359,65
4360,65
4361,65
4362,65
4363,65
4364,65
4365,65
4366,65
4367,65
4368,65
4369,65
4370,65
4371,65
4372,65
4373,65
4374,65
4375,65
4376,65
4377,65
4378,65
4379,65
4380,65
4381,65
4382,65
4383,65
4384,65
4385,65
4386,66
4387,66
4388,66
4389,66
4390,66
4391,66
4392,66
4393,66
4394,66
4395,66
4396,66
4397,66
4398,66
4399,66
4400,66
4401,66
4402,66
4403,66
4404,66
4405,66
4406,66
4407,66
4408,66
4409,66
4410,66
4411,66
4412,66
4413,66
4414,66
4415,66
4416,66
4417,66
4418,66
4419,66
4420,66
4421,66
4422,66
4423,66
4424,66
4425,66
4426,66
4427,66
4428,66
4429,66
4430,66
4431,67
4432,67
4433,67
4434,67
4435,67
4436,67
4437,67
4438,67
4439,67
4440,67
4441,67
4442,67
4443,67
4444,67
4445,67
4446,67
4447,67
4448,67
4449,67
4450,67
4451,67
4452,67
4453,67
4454,67
4455,67
4456,67
4457,67
4458,67
4459,67
4460,67
4461,67
4462,67
4463,67
4464,67
4465,67
4466,67
4467,67
4468,67
4469,67
4470,67
4471,67
4472,67
4473,67
4474,67
4475,67
4476,68
4477,68
4478,68
4479,68
4480,68
4481,68
4482,68
4483,68
4484,68
4485,68
4486,68
4487,68
4488,68
4489,68
4490,68
4491,68
4492,68
4493,68
4494,68
4495,68
4496,68
4497,68
4498,68
4499,68
4500,68
4501,68
4502,68
4503,68
4504,68
4505,68
4506,68
4507,68
4508,68
4509,68
4510,68
4511,68
4512,68
4513,68
4514,68
4515,68
4516,68
4517,68
4518,68
4519,68
4520,68
4521,69
4522,69
4523,69
4524,69
4525,69
4526,69
4527,69
4528,69
4529,69
4530,69
4531,69
4532,69
4533,69
4534,69
4535,69
4536,69
4537,69
4538,69
4539,69
4540,69
4541,69
4542,69
4543,69
4544,69
4545,69
4546,69
4547,69
4548,69
4549,69
4550,69
4551,69
4552,69
4553,69
4554,69
4555,69
4556,69
4557,69
4558,69
4559,69
4560,69
4561,69
4562,69
4563,69
4564,69
4565,69
4566,70
4567,70
4568,70
4569,70
4570,70
4571,70
4572,70
4573,70
4574,70
4575,70
4576,70
4577,70
4578,70
4579,70
4580,70
4581,70
4582,70
4583,70
4584,70
4585,70
4586,70
4587,70
4588,70
4589,70
4590,70
4591,70
4592,70
4593,70
4594,70
4595,70
4596,70
4597,70
4598,70
4599,70
4600,70
4601,70
4602,70
4603,70
4604,70
4605,70
4606,70
4607,70
4608,70
4609,70
4610,70
4611,71
4612,71
4613,71
4614,71
4615,71
4616,71
4617,71
4618,71
4619,71
4620,71
4621,71
4622,71
4623,71
4624,71
4625,71
4626,71
4627,71
4628,71
4629,71
4630,71
4631,71
4632,71
4633,71
4634,71
4635,71
4636,71
4637,71
4638,71
4639,71
4640,71
4641,71
4642,71
4643,71
4644,71
4645,71
4646,71
4647,71
4648,71
4649,71
4650,71
4651,71
4652,71
4653,71
4654,71
4655,72
4656,72
4657,72
4658,72
4659,72
4660,72
4661,72
4662,72
4663,72
4664,72
4665,72
4666,72
4667,72
4668,72
4669,72
4670,72
4671,72
4672,72
4673,72
4674,72
4675,72
4676,72
4677,72
4678,72
4679,72
4680,72
4681,72
4682,72
4683,72
4684,72
4685,72
4686,72
4687,72
4688,72
4689,72
4690,72
4691,72
4692,72
4693,72
4694,72
4695,72
4696,72
4697,72
4698,72
4699,73
4700,73
4701,73
4702,73
4703,73
4704,73
4705,73
4706,73
4707,73
4708,73
4709,73
4710,73
4711,73
4712,73
4713,73
4714,73
4715,73
4716,73
4717,73
4718,73
4719,73
4720,73
4721,73
4722,73
4723,73
4724,73
4725,73
4726,73
4727,73
4728,73
4729,73
4730,73
4731,73
4732,73
4733,73
4734,73
4735,73
4736,73
4737,73
4738,73
4739,73
4740,73
4741,73
4742,74
4743,74
4744,74
4745,74
4746,74
4747,74
4748,74
4749,74
4750,74
4751,74
4752,74
4753,74
4754,74
4755,74
4756,74
4757,74
4758,74
4759,74
4760,74
4761,74
4762,74
4763,74
4764,74
4765,74
4766,74
4767,74
4768,74
4769,74
4770,74
4771,74
4772,74
4773,74
4774,74
4775,74
4776,74
4777,74
4778,74
4779,74
4780,74
4781,74
4782,74
4783,74
4784,74
4785,75
4786,75
4787,75
4788,75
4789,75
4790,75
4791,75
4792,75
4793,75
4794,75
4795,75
4796,75
4797,75
4798,75
4799,75
4800,75
4801,75
4802,75
4803,75
4804,75
4805,75
4806,75
4807,75
4808,75
4809,75
4810,75
4811,75
4812,75
4813,75
4814,75
4815,75
4816,75
4817,75
4818,75
4819,75
4820,75
4821,75
4822,75
4823,75
4824,75
4825,75
4826,75
4827,75
4828,76
4829,76
4830,76
4831,76
4832,76
4833,76
4834,76
4835,76
4836,76
4837,76
4838,76
4839,76
4840,76
4841,76
4842,76
4843,76
4844,76
4845,76
4846,76
4847,76
4848,76
4849,76
4850,76
4851,76
4852,76
4853,76
4854,76
4855,76
4856,76
4857,76
4858,76
4859,76
4860,76
4861,76
4862,76
4863,76
4864,76
4865,76
4866,76
4867,76
4868,76
4869,76
4870,77
4871,77
4872,77
4873,77
4874,77
4875,77
4876,77
4877,77
4878,77
4879,77
4880,77
4881,77
4882,77
4883,77
4884,77
4885,77
4886,77
4887,77
4888,77
4889,77
4890,77
4891,77
4892,77
4893,77
4894,77
4895,77
4896,77
4897,77
4898,77
4899,77
4900,77
4901,77
4902,77
4903,77
4904,77
4905,77
4906,77
4907,77
4908,77
4909,77
4910,77
4911,77
4912,78
4913,78
4914,78
4915,78
4916,78
4917,78
4918,78
4919,78
4920,78
4921,78
4922,78
4923,78
4924,78
4925,78
4926,78
4927,78
4928,78
4929,78
4930,78
4931,78
4932,78
4933,78
4934,78
4935,78
4936,78
4937,78
4938,78
4939,78
4940,78
4941,78
4942,78
4943,78
4944,78
4945,78
4946,78
4947,78
4948,78
4949,78
4950,78
4951,78
4952,78
4953,79
4954,79
4955,79
4956,79
4957,79
4958,79
4959,79
4960,79
4961,79
4962,79
4963,79
4964,79
4965,79
4966,79
4967,79
4968,79
4969,79
4970,79
4971,79
4972,79
4973,79
4974,79
4975,79
4976,79
4977,79
4978,79
4979,79
4980,79
4981,79
4982,79
4983,79
4984,79
4985,79
4986,79
4987,79
4988,79
4989,79
4990,79
4991,79
4992,79
4993,79
4994,80
4995,80
4996,80
4997,80
4998,80
4999,80
5000,80
5001,80
5002,80
5003,80
5004,80
5005,80
5006,80
5007,80
5008,80
5009,80
5010,80
5011,80
5012,80
5013,80
5014,80
5015,80
5016,80
5017,80
5018,80
5019,80
5020,80
5021,80
5022,80
5023,80
5024,80
5025,80
5026,80
5027,80
5028,80
5029,80
5030,80
5031,80
5032,80
5033,80
5034,80
5035,81
5036,81
5037,81
5038,81
5039,81
5040,81
5041,81
5042,81
5043,81
5044,81
5045,81
5046,81
5047,81
5048,81
5049,81
5050,81
5051,81
5052,81
5053,81
5054,81
5055,81
5056,81
5057,81
5058,81
5059,81
5060,81
5061,81
5062,81
5063,81
5064,81
5065,81
5066,81
5067,81
5068,81
5069,81
5070,81
5071,81
5072,81
5073,81
5074,81
5075,81
5076,82
5077,82
5078,82
5079,82
5080,82
5081,82
5082,82
5083,82
5084,82
5085,82
5086,82
5087,82
5088,82
5089,82
5090,82
5091,82
5092,82
5093,82
5094,82
5095,82
5096,82
5097,82
5098,82
5099,82
5100,82
5101,82
5102,82
5103,82
5104,82
5105,82
5106,82
5107,82
5108,82
5109,82
5110,82
5111,82
5112,82
5113,82
5114,82
5115,82
5116,82
5117,83
5118,83
5119,83
5120,83
5121,83
5122,83
5123,83
5124,83
5125,83
5126,83
5127,83
5128,83
5129,83
5130,83
5131,83
5132,83
5133,83
5134,83
5135,83
5136,83
5137,83
5138,83
5139,83
5140,83
5141,83
5142,83
5143,83
5144,83
5145,83
5146,83
5147,83
5148,83
5149,83
5150,83
5151,83
5152,83
5153,83
5154,83
5155,83
5156,83
5157,84
5158,84
5159,84
5160,84
5161,84
5162,84
5163,84
5164,84
5165,84
5166,84
5167,84
5168,84
5169,84
5170,84
5171,84
5172,84
5173,84
5174,84
5175,84
5176,84
5177,84
5178,84
5179,84
5180,84
5181,84
5182,84
5183,84
5184,84
5185,84
5186,84
5187,84
5188,84
5189,84
5190,84
5191,84
5192,84
5193,84
5194,84
5195,84
5196,85
5197,85
5198,85
5199,85
5200,85
5201,85
5202,85
5203,85
5204,85
5205,85
5206,85
5207,85
5208,85
5209,85
5210,85
5211,85
5212,85
5213,85
5214,85
5215,85
5216,85
5217,85
5218,85
5219,85
5220,85
5221,85
5222,85
5223,85
5224,85
5225,85
5226,85
5227,85
5228,85
5229,85
5230,85
5231,85
5232,85
5233,85
5234,86
5235,86
5236,86
5237,86
5238,86
5239,86
5240,86
5241,86
5242,86
5243,86
5244,86
5245,86
5246,86
5247,86
5248,86
5249,86
5250,86
5251,86
5252,86
5253,86
5254,86
5255,86
5256,86
5257,86
5258,86
5259,86
5260,86
5261,86
5262,86
5263,86
5264,86
5265,86
5266,86
5267,86
5268,86
5269,86
5270,86
5271,87
5272,87
5273,87
5274,87
5275,87
5276,87
5277,87
5278,87
5279,87
5280,87
5281,87
5282,87
5283,87
5284,87
5285,87
5286,87
5287,87
5288,87
5289,87
5290,87
5291,87
5292,87
5293,87
5294,87
5295,87
5296,87
5297,87
5298,87
5299,87
5300,87
5301,87
5302,87
5303,87
5304,87
5305,87
5306,87
5307,87
5308,88
5309,88
5310,88
5311,88
5312,88
5313,88
5314,88
5315,88
5316,88
5317,88
5318,88
5319,88
5320,88
5321,88
5322,88
5323,88
5324,88
5325,88
5326,88
5327,88
5328,88
5329,88
5330,88
5331,88
5332,88
5333,88
5334,88
5335,88
5336,88
5337,88
5338,88
5339,88
5340,88
5341,88
5342,88
5343,88
5344,88
5345,89
5346,89
5347,89
5348,89
5349,89
5350,89
5351,89
5352,89
5353,89
5354,89
5355,89
5356,89
5357,89
5358,89
5359,89
5360,89
5361,89
5362,89
5363,89
5364,89
5365,89
5366,89
5367,89
5368,89
5369,89
5370,89
5371,89
5372,89
5373,89
5374,89
5375,89
5376,89
5377,89
5378,89
5379,89
5380,89
5381,90
5382,90
5383,90
5384,90
5385,90
5386,90
5387,90
5388,90
5389,90
5390,90
5391,90
5392,90
5393,90
5394,90
5395,90
5396,90
5397,90
5398,90
5399,90
5400,90
5401,90
5402,90
5403,90
5404,90
5405,90
5406,90
5407,90
5408,90
5409,90
5410,90
5411,90
5412,90
5413,90
5414,90
5415,90
5416,90
5417,91
5418,91
5419,91
5420,91
5421,91
5422,91
5423,91
5424,91
5425,91
5426,91
5427,91
5428,91
5429,91
5430,91
5431,91
5432,91
5433,91
5434,91
5435,91
5436,91
5437,91
5438,91
5439,91
5440,91
5441,91
5442,91
5443,91
5444,91
5445,91
5446,91
5447,91
5448,91
5449,91
5450,91
5451,91
5452,91
5453,92
5454,92
5455,92
5456,92
5457,92
5458,92
5459,92
5460,92
5461,92
5462,92
5463,92
5464,92
5465,92
5466,92
5467,92
5468,92
5469,92
5470,92
5471,92
5472,92
5473,92
5474,92
5475,92
5476,92
5477,92
5478,92
5479,92
5480,92
5481,92
5482,92
5483,92
5484,92
5485,92
5486,92
5487,92
5488,93
5489,93
5490,93
5491,93
5492,93
5493,93
5494,93
5495,93
5496,93
5497,93
5498,93
5499,93
5500,93
5501,93
5502,93
5503,93
5504,93
5505,93
5506,93
5507,93
5508,93
5509,93
5510,93
5511,93
5512,93
5513,93
5514,93
5515,93
5516,93
5517,93
5518,93
5519,93
5520,93
5521,93
5522,93
5523,94
5524,94
5525,94
5526,94
5527,94
5528,94
5529,94
5530,94
5531,94
5532,94
5533,94
5534,94
5535,94
5536,94
5537,94
5538,94
5539,94
5540,94
5541,94
5542,94
5543,94
5544,94
5545,94
5546,94
5547,94
5548,94
5549,94
5550,94
5551,94
5552,94
5553,94
5554,94
5555,94
5556,94
5557,94
5558,95
5559,95
5560,95
5561,95
5562,95
5563,95
5564,95
5565,95
5566,95
5567,95
5568,95
5569,95
5570,95
5571,95
5572,95
5573,95
5574,95
5575,95
5576,95
5577,95
5578,95
5579,95
5580,95
5581,95
5582,95
5583,95
5584,95
5585,95
5586,95
5587,95
5588,95
5589,95
5590,95
5591,95
5592,95
5593,96
5594,96
5595,96
5596,96
5597,96
5598,96
5599,96
5600,96
5601,96
5602,96
5603,96
5604,96
5605,96
5606,96
5607,96
5608,96
5609,96
5610,96
5611,96
5612,96
5613,96
5614,96
5615,96
5616,96
5617,96
5618,96
5619,96
5620,96
5621,96
5622,96
5623,96
5624,96
5625,96
5626,96
5627,96
5628,97
5629,97
5630,97
5631,97
5632,97
5633,97
5634,97
5635,97
5636,97
5637,97
5638,97
5639,97
5640,97
5641,97
5642,97
5643,97
5644,97
5645,97
5646,97
5647,97
5648,97
5649,97
5650,97
5651,97
5652,97
5653,97
5654,97
5655,97
5656,97
5657,97
5658,97
5659,97
5660,97
5661,97
5662,98
5663,98
5664,98
5665,98
5666,98
5667,98
5668,98
5669,98
5670,98
5671,98
5672,98
5673,98
5674,98
5675,98
5676,98
5677,98
5678,98
5679,98
5680,98
5681,98
5682,98
5683,98
5684,98
5685,98
5686,98
5687,98
5688,98
5689,98
5690,98
5691,98
5692,98
5693,98
5694,98
5695,98
5696,99
5697,99
5698,99
5699,99
5700,99
5701,99
5702,99
5703,99
5704,99
5705,99
5706,99
5707,99
5708,99
5709,99
5710,99
5711,99
5712,99
5713,99
5714,99
5715,99
5716,99
5717,99
5718,99
5719,99
5720,99
5721,99
5722,99
5723,99
5724,99
5725,99
5726,99
5727,99
5728,99
5729,99
5730,100
5731,100
5732,100
5733,100
5734,100
5735,100
5736,100
5737,100
5738,100
5739,100
5740,100
5741,100
5742,100
5743,100
5744,100
5745,100
5746,100
5747,100
5748,100
5749,100
5750,100
5751,100
5752,100
5753,100
5754,100
5755,100
5756,100
5757,100
5758,100
5759,100
5760,100
5761,100
5762,100
5763,100
5764,101
5765,101
5766,101
5767,101
5768,101
5769,101
5770,101
5771,101
5772,101
5773,101
5774,101
5775,101
5776,101
5777,101
5778,101
5779,101
5780,101
5781,101
5782,101
5783,101
5784,101
5785,101
5786,101
5787,101
5788,101
5789,101
5790,101
5791,101
5792,101
5793,101
5794,101
5795,101
5796,101
5797,101
5798,102
5799,102
5800,102
5801,102
5802,102
5803,102
5804,102
5805,102
5806,102
5807,102
5808,102
5809,102
5810,102
5811,102
5812,102
5813,102
5814,102
5815,102
5816,102
5817,102
5818,102
5819,102
5820,102
5821,102
5822,102
5823,102
5824,102
5825,102
5826,102
5827,102
5828,102
5829,102
5830,102
5831,102
5832,103
5833,103
5834,103
5835,103
5836,103
5837,103
5838,103
5839,103
5840,103
5841,103
5842,103
5843,103
5844,103
5845,103
5846,103
5847,103
5848,103
5849,103
5850,103
5851,103
5852,103
5853,103
5854,103
5855,103
5856,103
5857,103
5858,103
5859,103
5860,103
5861,103
5862,103
5863,103
5864,103
5865,103
5866,104
5867,104
5868,104
5869,104
5870,104
5871,104
5872,104
5873,104
5874,104
5875,104
5876,104
5877,104
5878,104
5879,104
5880,104
5881,104
5882,104
5883,104
5884,104
5885,104
5886,104
5887,104
5888,104
5889,104
5890,104
5891,104
5892,104
5893,104
5894,104
5895,104
5896,104
5897,104
5898,104
5899,105
5900,105
5901,105
5902,105
5903,105
5904,105
5905,105
5906,105
5907,105
5908,105
5909,105
5910,105
5911,105
5912,105
5913,105
5914,105
5915,105
5916,105
5917,105
5918,105
5919,105
5920,105
5921,105
5922,105
5923,105
5924,105
5925,105
5926,105
5927,105
5928,105
5929,105
5930,105
5931,105
5932,106
5933,106
5934,106
5935,106
5936,106
5937,106
5938,106
5939,106
5940,106
5941,106
5942,106
5943,106
5944,106
5945,106
5946,106
5947,106
5948,106
5949,106
5950,106
5951,106
5952,106
5953,106
5954,106
5955,106
5956,106
5957,106
5958,106
5959,106
5960,106
5961,106
5962,106
5963,106
5964,106
5965,107
5966,107
5967,107
5968,107
5969,107
5970,107
5971,107
5972,107
5973,107
5974,107
5975,107
5976,107
5977,107
5978,107
5979,107
5980,107
5981,107
5982,107
5983,107
5984,107
5985,107
5986,107
5987,107
5988,107
5989,107
5990,107
5991,107
5992,107
5993,107
5994,107
5995,107
5996,107
5997,107
5998,108
5999,108
6000,108
6001,108
6002,108
6003,108
6004,108
6005,108
6006,108
6007,108
6008,108
6009,108
6010,108
6011,108
6012,108
6013,108
6014,108
6015,108
6016,108
6017,108
6018,108
6019,108
6020,108
6021,108
6022,108
6023,108
6024,108
6025,108
6026,108
6027,108
6028,108
6029,108
6030,108
6031,109
6032,109
6033,109
6034,109
6035,109
6036,109
6037,109
6038,109
6039,109
6040,109
6041,109
6042,109
6043,109
6044,109
6045,109
6046,109
6047,109
6048,109
6049,109
6050,109
6051,109
6052,109
6053,109
6054,109
6055,109
6056,109
6057,109
6058,109
6059,109
6060,109
6061,109
6062,109
6063,109
6064,110
6065,110
6066,110
6067,110
6068,110
6069,110
6070,110
6071,110
6072,110
6073,110
6074,110
6075,110
6076,110
6077,110
6078,110
6079,110
6080,110
6081,110
6082,110
6083,110
6084,110
6085,110
6086,110
6087,110
6088,110
6089,110
6090,110
6091,110
6092,110
6093,110
6094,110
6095,110
6096,110
6097,111
6098,111
6099,111
6100,111
6101,111
6102,111
6103,111
6104,111
6105,111
6106,111
6107,111
6108,111
6109,111
6110,111
6111,111
6112,111
6113,111
6114,111
6115,111
6116,111
6117,111
6118,111
6119,111
6120,111
6121,111
6122,111
6123,111
6124,111
6125,111
6126,111
6127,111
6128,111
6129,111
6130,112
6131,112
6132,112
6133,112
6134,112
6135,112
6136,112
6137,112
6138,112
6139,112
6140,112
6141,112
6142,112
6143,112
6144,112
6145,112
6146,112
6147,112
6148,112
6149,112
6150,112
6151,112
6152,112
6153,112
6154,112
6155,112
6156,112
6157,112
6158,112
6159,112
6160,112
6161,112
6162,112
6163,113
6164,113
6165,113
6166,113
6167,113
6168,113
6169,113
6170,113
6171,113
6172,113
6173,113
6174,113
6175,113
6176,113
6177,113
6178,113
6179,113
6180,113
6181,113
6182,113
6183,113
6184,113
6185,113
6186,113
6187,113
6188,113
6189,113
6190,113
6191,113
6192,113
6193,113
6194,113
6195,114
6196,114
6197,114
6198,114
6199,114
6200,114
6201,114
6202,114
6203,114
6204,114
6205,114
6206,114
6207,114
6208,114
6209,114
6210,114
6211,114
6212,114
6213,114
6214,114
6215,114
6216,114
6217,114
6218,114
6219,114
6220,114
6221,114
6222,114
6223,114
6224,114
6225,114
6226,114
6227,115
6228,115
6229,115
6230,115
6231,115
6232,115
6233,115
6234,115
6235,115
6236,115
6237,115
6238,115
6239,115
6240,115
6241,115
6242,115
6243,115
6244,115
6245,115
6246,115
6247,115
6248,115
6249,115
6250,115
6251,115
6252,115
6253,115
6254,115
6255,115
6256,115
6257,115
6258,115
6259,116
6260,116
6261,116
6262,116
6263,116
6264,116
6265,116
6266,116
6267,116
6268,116
6269,116
6270,116
6271,116
6272,116
6273,116
6274,116
6275,116
6276,116
6277,116
6278,116
6279,116
6280,116
6281,116
6282,116
6283,116
6284,116
6285,116
6286,116
6287,116
6288,116
6289,116
6290,116
6291,117
6292,117
6293,117
6294,117
6295,117
6296,117
6297,117
6298,117
6299,117
6300,117
6301,117
6302,117
6303,117
6304,117
6305,117
6306,117
6307,117
6308,117
6309,117
6310,117
6311,117
6312,117
6313,117
6314,117
6315,117
6316,117
6317,117
6318,117
6319,117
6320,117
6321,117
6322,118
6323,118
6324,118
6325,118
6326,118
6327,118
6328,118
6329,118
6330,118
6331,118
6332,118
6333,118
6334,118
6335,118
6336,118
6337,118
6338,118
6339,118
6340,118
6341,118
6342,118
6343,118
6344,118
6345,118
6346,118
6347,118
6348,118
6349,118
6350,118
6351,118
6352,118
6353,119
6354,119
6355,119
6356,119
6357,119
6358,119
6359,119
6360,119
6361,119
6362,119
6363,119
6364,119
6365,119
6366,119
6367,119
6368,119
6369,119
6370,119
6371,119
6372,119
6373,119
6374,119
6375,119
6376,119
6377,119
6378,119
6379,119
6380,119
6381,119
6382,119
6383,119
6384,120
6385,120
6386,120
6387,120
6388,120
6389,120
6390,120
6391,120
6392,120
6393,120
6394,120
6395,120
6396,120
6397,120
6398,120
6399,120
6400,120
6401,120
6402,120
6403,120
6404,120
6405,120
6406,120
6407,120
6408,120
6409,120
6410,120
6411,120
6412,120
6413,120
6414,120
6415,121
6416,121
6417,121
6418,121
6419,121
6420,121
6421,121
6422,121
6423,121
6424,121
6425,121
6426,121
6427,121
6428,121
6429,121
6430,121
6431,121
6432,121
6433,121
6434,121
6435,121
6436,121
6437,121
6438,121
6439,121
6440,121
6441,121
6442,121
6443,121
6444,121
6445,121
6446,122
6447,122
6448,122
6449,122
6450,122
6451,122
6452,122
6453,122
6454,122
6455,122
6456,122
6457,122
6458,122
6459,122
6460,122
6461,122
6462,122
6463,122
6464,122
6465,122
6466,122
6467,122
6468,122
6469,122
6470,122
6471,122
6472,122
6473,122
6474,122
6475,122
6476,122
6477,123
6478,123
6479,123
6480,123
6481,123
6482,123
6483,123
6484,123
6485,123
6486,123
6487,123
6488,123
6489,123
6490,123
6491,123
6492,123
6493,123
6494,123
6495,123
6496,123
6497,123
6498,123
6499,123
6500,123
6501,123
6502,123
6503,123
6504,123
6505,123
6506,123
6507,123
6508,124
6509,124
6510,124
6511,124
6512,124
6513,124
6514,124
6515,124
6516,124
6517,124
6518,124
6519,124
6520,124
6521,124
6522,124
6523,124
6524,124
6525,124
6526,124
6527,124
6528,124
6529,124
6530,124
6531,124
6532,124
6533,124
6534,124
6535,124
6536,124
6537,124
6538,124
6539,125
6540,125
6541,125
6542,125
6543,125
6544,125
6545,125
6546,125
6547,125
6548,125
6549,125
6550,125
6551,125
6552,125
6553,125
6554,125
6555,125
6556,125
6557,125
6558,125
6559,125
6560,125
6561,125
6562,125
6563,125
6564,125
6565,125
6566,125
6567,125
6568,125
6569,126
6570,126
6571,126
6572,126
6573,126
6574,126
6575,126
6576,126
6577,126
6578,126
6579,126
6580,126
6581,126
6582,126
6583,126
6584,126
6585,126
6586,126
6587,126
6588,126
6589,126
6590,126
6591,126
6592,126
6593,126
6594,126
6595,126
6596,126
6597,126
6598,126
6599,127
6600,127
6601,127
6602,127
6603,127
6604,127
6605,127
6606,127
6607,127
6608,127
6609,127
6610,127
6611,127
6612,127
6613,127
6614,127
6615,127
6616,127
6617,127
6618,127
6619,127
6620,127
6621,127
6622,127
6623,127
6624,127
6625,127
6626,127
6627,127
6628,127
6629,128
6630,128
6631,128
6632,128
6633,128
6634,128
6635,128
6636,128
6637,128
6638,128
6639,128
6640,128
6641,128
6642,128
6643,128
6644,128
6645,128
6646,128
6647,128
6648,128
6649,128
6650,128
6651,128
6652,128
6653,128
6654,128
6655,128
6656,128
6657,128
6658,128
6659,129
6660,129
6661,129
6662,129
6663,129
6664,129
6665,129
6666,129
6667,129
6668,129
6669,129
6670,129
6671,129
6672,129
6673,129
6674,129
6675,129
6676,129
6677,129
6678,129
6679,129
6680,129
6681,129
6682,129
6683,129
6684,129
6685,129
6686,129
6687,129
6688,129
6689,130
6690,130
6691,130
6692,130
6693,130
6694,130
6695,130
6696,130
6697,130
6698,130
6699,130
6700,130
6701,130
6702,130
6703,130
6704,130
6705,130
6706,130
6707,130
6708,130
6709,130
6710,130
6711,130
6712,130
6713,130
6714,130
6715,130
6716,130
6717,130
6718,130
6719,131
6720,131
6721,131
6722,131
6723,131
6724,131
6725,131
6726,131
6727,131
6728,131
6729,131
6730,131
6731,131
6732,131
6733,131
6734,131
6735,131
6736,131
6737,131
6738,131
6739,131
6740,131
6741,131
6742,131
6743,131
6744,131
6745,131
6746,131
6747,131
6748,131
6749,132
6750,132
6751,132
6752,132
6753,132
6754,132
6755,132
6756,132
6757,132
6758,132
6759,132
6760,132
6761,132
6762,132
6763,132
6764,132
6765,132
6766,132
6767,132
6768,132
6769,132
6770,132
6771,132
6772,132
6773,132
6774,132
6775,132
6776,132
6777,132
6778,132
6779,133
6780,133
6781,133
6782,133
6783,133
6784,133
6785,133
6786,133
6787,133
6788,133
6789,133
6790,133
6791,133
6792,133
6793,133
6794,133
6795,133
6796,133
6797,133
6798,133
6799,133
6800,133
6801,133
6802,133
6803,133
6804,133
6805,133
6806,133
6807,133
6808,134
6809,134
6810,134
6811,134
6812,134
6813,134
6814,134
6815,134
6816,134
6817,134
6818,134
6819,134
6820,134
6821,134
6822,134
6823,134
6824,134
6825,134
6826,134
6827,134
6828,134
6829,134
6830,134
6831,134
6832,134
6833,134
6834,134
6835,134
6836,134
6837,135
6838,135
6839,135
6840,135
6841,135
6842,135
6843,135
6844,135
6845,135
6846,135
6847,135
6848,135
6849,135
6850,135
6851,135
6852,135
6853,135
6854,135
6855,135
6856,135
6857,135
6858,135
6859,135
6860,135
6861,135
6862,135
6863,135
6864,135
6865,135
6866,136
6867,136
6868,136
6869,136
6870,136
6871,136
6872,136
6873,136
6874,136
6875,136
6876,136
6877,136
6878,136
6879,136
6880,136
6881,136
6882,136
6883,136
6884,136
6885,136
6886,136
6887,136
6888,136
6889,136
6890,136
6891,136
6892,136
6893,136
6894,136
6895,137
6896,137
6897,137
6898,137
6899,137
6900,137
6901,137
6902,137
6903,137
6904,137
6905,137
6906,137
6907,137
6908,137
6909,137
6910,137
6911,137
6912,137
6913,137
6914,137
6915,137
6916,137
6917,137
6918,137
6919,137
6920,137
6921,137
6922,137
6923,137
6924,138
6925,138
6926,138
6927,138
6928,138
6929,138
6930,138
6931,138
6932,138
6933,138
6934,138
6935,138
6936,138
6937,138
6938,138
6939,138
6940,138
6941,138
6942,138
6943,138
6944,138
6945,138
6946,138
6947,138
6948,138
6949,138
6950,138
6951,138
6952,138
6953,139
6954,139
6955,139
6956,139
6957,139
6958,139
6959,139
6960,139
6961,139
6962,139
6963,139
6964,139
6965,139
6966,139
6967,139
6968,139
6969,139
6970,139
6971,139
6972,139
6973,139
6974,139
6975,139
6976,139
6977,139
6978,139
6979,139
6980,139
6981,139
6982,140
6983,140
6984,140
6985,140
6986,140
6987,140
6988,140
6989,140
6990,140
6991,140
6992,140
6993,140
6994,140
6995,140
6996,140
6997,140
6998,140
6999,140
7000,140
7001,140
7002,140
7003,140
7004,140
7005,140
7006,140
7007,140
7008,140
7009,140
7010,140
7011,141
7012,141
7013,141
7014,141
7015,141
7016,141
7017,141
7018,141
7019,141
7020,141
7021,141
7022,141
7023,141
7024,141
7025,141
7026,141
7027,141
7028,141
7029,141
7030,141
7031,141
7032,141
7033,141
7034,141
7035,141
7036,141
7037,141
7038,141
7039,141
7040,142
7041,142
7042,142
7043,142
7044,142
7045,142
7046,142
7047,142
7048,142
7049,142
7050,142
7051,142
7052,142
7053,142
7054,142
7055,142
7056,142
7057,142
7058,142
7059,142
7060,142
7061,142
7062,142
7063,142
7064,142
7065,142
7066,142
7067,142
7068,142
7069,143
7070,143
7071,143
7072,143
7073,143
7074,143
7075,143
7076,143
7077,143
7078,143
7079,143
7080,143
7081,143
7082,143
7083,143
7084,143
7085,143
7086,143
7087,143
7088,143
7089,143
7090,143
7091,143
7092,143
7093,143
7094,143
7095,143
7096,143
7097,144
7098,144
7099,144
7100,144
7101,144
7102,144
7103,144
7104,144
7105,144
7106,144
7107,144
7108,144
7109,144
7110,144
7111,144
7112,144
7113,144
7114,144
7115,144
7116,144
7117,144
7118,144
7119,144
7120,144
7121,144
7122,144
7123,144
7124,144
7125,145
7126,145
7127,145
7128,145
7129,145
7130,145
7131,145
7132,145
7133,145
7134,145
7135,145
7136,145
7137,145
7138,145
7139,145
7140,145
7141,145
7142,145
7143,145
7144,145
7145,145
7146,145
7147,145
7148,145
7149,145
7150,145
7151,145
7152,145
7153,146
7154,146
7155,146
7156,146
7157,146
7158,146
7159,146
7160,146
7161,146
7162,146
7163,146
7164,146
7165,146
7166,146
7167,146
7168,146
7169,146
7170,146
7171,146
7172,146
7173,146
7174,146
7175,146
7176,146
7177,146
7178,146
7179,146
7180,146
7181,147
7182,147
7183,147
7184,147
7185,147
7186,147
7187,147
7188,147
7189,147
7190,147
7191,147
7192,147
7193,147
7194,147
7195,147
7196,147
7197,147
7198,147
7199,147
7200,147
7201,147
7202,147
7203,147
7204,147
7205,147
7206,147
7207,147
7208,147
7209,148
7210,148
7211,148
7212,148
7213,148
7214,148
7215,148
7216,148
7217,148
7218,148
7219,148
7220,148
7221,148
7222,148
7223,148
7224,148
7225,148
7226,148
7227,148
7228,148
7229,148
7230,148
7231,148
7232,148
7233,148
7234,148
7235,148
7236,148
7237,149
7238,149
7239,149
7240,149
7241,149
7242,149
7243,149
7244,149
7245,149
7246,149
7247,149
7248,149
7249,149
7250,149
7251,149
7252,149
7253,149
7254,149
7255,149
7256,149
7257,149
7258,149
7259,149
7260,149
7261,149
7262,149
7263,149
7264,149
7265,150
7266,150
7267,150
7268,150
7269,150
7270,150
7271,150
7272,150
7273,150
7274,150
7275,150
7276,150
7277,150
7278,150
7279,150
7280,150
7281,150
7282,150
7283,150
7284,150
7285,150
7286,150
7287,150
7288,150
7289,150
7290,150
7291,150
7292,150
7293,151
7294,151
7295,151
7296,151
7297,151
7298,151
7299,151
7300,151
7301,151
7302,151
7303,151
7304,151
7305,151
7306,151
7307,151
7308,151
7309,151
7310,151
7311,151
7312,151
7313,151
7314,151
7315,151
7316,151
7317,151
7318,151
7319,151
7320,151
7321,152
7322,152
7323,152
7324,152
7325,152
7326,152
7327,152
7328,152
7329,152
7330,152
7331,152
7332,152
7333,152
7334,152
7335,152
7336,152
7337,152
7338,152
7339,152
7340,152
7341,152
7342,152
7343,152
7344,152
7345,152
7346,152
7347,152
7348,153
7349,153
7350,153
7351,153
7352,153
7353,153
7354,153
7355,153
7356,153
7357,153
7358,153
7359,153
7360,153
7361,153
7362,153
7363,153
7364,153
7365,153
7366,153
7367,153
7368,153
7369,153
7370,153
7371,153
7372,153
7373,153
7374,153
7375,154
7376,154
7377,154
7378,154
7379,154
7380,154
7381,154
7382,154
7383,154
7384,154
7385,154
7386,154
7387,154
7388,154
7389,154
7390,154
7391,154
7392,154
7393,154
7394,154
7395,154
7396,154
7397,154
7398,154
7399,154
7400,154
7401,154
7402,155
7403,155
7404,155
7405,155
7406,155
7407,155
7408,155
7409,155
7410,155
7411,155
7412,155
7413,155
7414,155
7415,155
7416,155
7417,155
7418,155
7419,155
7420,155
7421,155
7422,155
7423,155
7424,155
7425,155
7426,155
7427,155
7428,155
7429,156
7430,156
7431,156
7432,156
7433,156
7434,156
7435,156
7436,156
7437,156
7438,156
7439,156
7440,156
7441,156
7442,156
7443,156
7444,156
7445,156
7446,156
7447,156
7448,156
7449,156
7450,156
7451,156
7452,156
7453,156
7454,156
7455,156
7456,157
7457,157
7458,157
7459,157
7460,157
7461,157
7462,157
7463,157
7464,157
7465,157
7466,157
7467,157
7468,157
7469,157
7470,157
7471,157
7472,157
7473,157
7474,157
7475,157
7476,157
7477,157
7478,157
7479,157
7480,157
7481,157
7482,157
7483,158
7484,158
7485,158
7486,158
7487,158
7488,158
7489,158
7490,158
7491,158
7492,158
7493,158
7494,158
7495,158
7496,158
7497,158
7498,158
7499,158
7500,158
7501,158
7502,158
7503,158
7504,158
7505,158
7506,158
7507,158
7508,158
7509,158
7510,159
7511,159
7512,159
7513,159
7514,159
7515,159
7516,159
7517,159
7518,159
7519,159
7520,159
7521,159
7522,159
7523,159
7524,159
7525,159
7526,159
7527,159
7528,159
7529,159
7530,159
7531,159
7532,159
7533,159
7534,159
7535,159
7536,159
7537,160
7538,160
7539,160
7540,160
7541,160
7542,160
7543,160
7544,160
7545,160
7546,160
7547,160
7548,160
7549,160
7550,160
7551,160
7552,160
7553,160
7554,160
7555,160
7556,160
7557,160
7558,160
7559,160
7560,160
7561,160
7562,160
7563,160
7564,161
7565,161
7566,161
7567,161
7568,161
7569,161
7570,161
7571,161
7572,161
7573,161
7574,161
7575,161
7576,161
7577,161
7578,161
7579,161
7580,161
7581,161
7582,161
7583,161
7584,161
7585,161
7586,161
7587,161
7588,161
7589,161
7590,161
7591,162
7592,162
7593,162
7594,162
7595,162
7596,162
7597,162
7598,162
7599,162
7600,162
7601,162
7602,162
7603,162
7604,162
7605,162
7606,162
7607,162
7608,162
7609,162
7610,162
7611,162
7612,162
7613,162
7614,162
7615,162
7616,162
7617,163
7618,163
7619,163
7620,163
7621,163
7622,163
7623,163
7624,163
7625,163
7626,163
7627,163
7628,163
7629,163
7630,163
7631,163
7632,163
7633,163
7634,163
7635,163
7636,163
7637,163
7638,163
7639,163
7640,163
7641,163
7642,163
7643,164
7644,164
7645,164
7646,164
7647,164
7648,164
7649,164
7650,164
7651,164
7652,164
7653,164
7654,164
7655,164
7656,164
7657,164
7658,164
7659,164
7660,164
7661,164
7662,164
7663,164
7664,164
7665,164
7666,164
7667,164
7668,164
7669,165
7670,165
7671,165
7672,165
7673,165
7674,165
7675,165
7676,165
7677,165
7678,165
7679,165
7680,165
7681,165
7682,165
7683,165
7684,165
7685,165
7686,165
7687,165
7688,165
7689,165
7690,165
7691,165
7692,165
7693,165
7694,165
7695,166
7696,166
7697,166
7698,166
7699,166
7700,166
7701,166
7702,166
7703,166
7704,166
7705,166
7706,166
7707,166
7708,166
7709,166
7710,166
7711,166
7712,166
7713,166
7714,166
7715,166
7716,166
7717,166
7718,166
7719,166
7720,166
7721,167
7722,167
7723,167
7724,167
7725,167
7726,167
7727,167
7728,167
7729,167
7730,167
7731,167
7732,167
7733,167
7734,167
7735,167
7736,167
7737,167
7738,167
7739,167
7740,167
7741,167
7742,167
7743,167
7744,167
7745,167
7746,167
7747,168
7748,168
7749,168
7750,168
7751,168
7752,168
7753,168
7754,168
7755,168
7756,168
7757,168
7758,168
7759,168
7760,168
7761,168
7762,168
7763,168
7764,168
7765,168
7766,168
7767,168
7768,168
7769,168
7770,168
7771,168
7772,168
7773,169
7774,169
7775,169
7776,169
7777,169
7778,169
7779,169
7780,169
7781,169
7782,169
7783,169
7784,169
7785,169
7786,169
7787,169
7788,169
7789,169
7790,169
7791,169
7792,169
7793,169
7794,169
7795,169
7796,169
7797,169
7798,169
7799,170
7800,170
7801,170
7802,170
7803,170
7804,170
7805,170
7806,170
7807,170
7808,170
7809,170
7810,170
7811,170
7812,170
7813,170
7814,170
7815,170
7816,170
7817,170
7818,170
7819,170
7820,170
7821,170
7822,170
7823,170
7824,170
7825,171
7826,171
7827,171
7828,171
7829,171
7830,171
7831,171
7832,171
7833,171
7834,171
7835,171
7836,171
7837,171
7838,171
7839,171
7840,171
7841,171
7842,171
7843,171
7844,171
7845,171
7846,171
7847,171
7848,171
7849,171
7850,171
7851,172
7852,172
7853,172
7854,172
7855,172
7856,172
7857,172
7858,172
7859,172
7860,172
7861,172
7862,172
7863,172
7864,172
7865,172
7866,172
7867,172
7868,172
7869,172
7870,172
7871,172
7872,172
7873,172
7874,172
7875,172
7876,172
7877,173
7878,173
7879,173
7880,173
7881,173
7882,173
7883,173
7884,173
7885,173
7886,173
7887,173
7888,173
7889,173
7890,173
7891,173
7892,173
7893,173
7894,173
7895,173
7896,173
7897,173
7898,173
7899,173
7900,173
7901,173
7902,173
7903,174
7904,174
7905,174
7906,174
7907,174
7908,174
7909,174
7910,174
7911,174
7912,174
7913,174
7914,174
7915,174
7916,174
7917,174
7918,174
7919,174
7920,174
7921,174
7922,174
7923,174
7924,174
7925,174
7926,174
7927,174
7928,175
7929,175
7930,175
7931,175
7932,175
7933,175
7934,175
7935,175
7936,175
7937,175
7938,175
7939,175
7940,175
7941,175
7942,175
7943,175
7944,175
7945,175
7946,175
7947,175
7948,175
7949,175
7950,175
7951,175
7952,175
7953,176
7954,176
7955,176
7956,176
7957,176
7958,176
7959,176
7960,176
7961,176
7962,176
7963,176
7964,176
7965,176
7966,176
7967,176
7968,176
7969,176
7970,176
7971,176
7972,176
7973,176
7974,176
7975,176
7976,176
7977,176
7978,177
7979,177
7980,177
7981,177
7982,177
7983,177
7984,177
7985,177
7986,177
7987,177
7988,177
7989,177
7990,177
7991,177
7992,177
7993,177
7994,177
7995,177
7996,177
7997,177
7998,177
7999,177
8000,177
8001,177
8002,177
8003,178
8004,178
8005,178
8006,178
8007,178
8008,178
8009,178
8010,178
8011,178
8012,178
8013,178
8014,178
8015,178
8016,178
8017,178
8018,178
8019,178
8020,178
8021,178
8022,178
8023,178
8024,178
8025,178
8026,178
8027,178
8028,179
8029,179
8030,179
8031,179
8032,179
8033,179
8034,179
8035,179
8036,179
8037,179
8038,179
8039,179
8040,179
8041,179
8042,179
8043,179
8044,179
8045,179
8046,179
8047,179
8048,179
8049,179
8050,179
8051,179
8052,179
8053,180
8054,180
8055,180
8056,180
8057,180
8058,180
8059,180
8060,180
8061,180
8062,180
8063,180
8064,180
8065,180
8066,180
8067,180
8068,180
8069,180
8070,180
8071,180
8072,180
8073,180
8074,180
8075,180
8076,180
8077,180
8078,181
8079,181
8080,181
8081,181
8082,181
8083,181
8084,181
8085,181
8086,181
8087,181
8088,181
8089,181
8090,181
8091,181
8092,181
8093,181
8094,181
8095,181
8096,181
8097,181
8098,181
8099,181
8100,181
8101,181
8102,181
8103,182
8104,182
8105,182
8106,182
8107,182
8108,182
8109,182
8110,182
8111,182
8112,182
8113,182
8114,182
8115,182
8116,182
8117,182
8118,182
8119,182
8120,182
8121,182
8122,182
8123,182
8124,182
8125,182
8126,182
8127,182
8128,183
8129,183
8130,183
8131,183
8132,183
8133,183
8134,183
8135,183
8136,183
8137,183
8138,183
8139,183
8140,183
8141,183
8142,183
8143,183
8144,183
8145,183
8146,183
8147,183
8148,183
8149,183
8150,183
8151,183
8152,183
8153,184
8154,184
8155,184
8156,184
8157,184
8158,184
8159,184
8160,184
8161,184
8162,184
8163,184
8164,184
8165,184
8166,184
8167,184
8168,184
8169,184
8170,184
8171,184
8172,184
8173,184
8174,184
8175,184
8176,184
8177,184
8178,185
8179,185
8180,185
8181,185
8182,185
8183,185
8184,185
8185,185
8186,185
8187,185
8188,185
8189,185
8190,185
8191,185
8192,185
8193,185
8194,185
8195,185
8196,185
8197,185
8198,185
8199,185
8200,185
8201,185
8202,185
8203,186
8204,186
8205,186
8206,186
8207,186
8208,186
8209,186
8210,186
8211,186
8212,186
8213,186
8214,186
8215,186
8216,186
8217,186
8218,186
8219,186
8220,186
8221,186
8222,186
8223,186
8224,186
8225,186
8226,186
8227,186
8228,187
8229,187
8230,187
8231,187
8232,187
8233,187
8234,187
8235,187
8236,187
8237,187
8238,187
8239,187
8240,187
8241,187
8242,187
8243,187
8244,187
8245,187
8246,187
8247,187
8248,187
8249,187
8250,187
8251,187
8252,187
8253,188
8254,188
8255,188
8256,188
8257,188
8258,188
8259,188
8260,188
8261,188
8262,188
8263,188
8264,188
8265,188
8266,188
8267,188
8268,188
8269,188
8270,188
8271,188
8272,188
8273,188
8274,188
8275,188
8276,188
8277,188
8278,189
8279,189
8280,189
8281,189
8282,189
8283,189
8284,189
8285,189
8286,189
8287,189
8288,189
8289,189
8290,189
8291,189
8292,189
8293,189
8294,189
8295,189
8296,189
8297,189
8298,189
8299,189
8300,189
8301,189
8302,189
8303,190
8304,190
8305,190
8306,190
8307,190
8308,190
8309,190
8310,190
8311,190
8312,190
8313,190
8314,190
8315,190
8316,190
8317,190
8318,190
8319,190
8320,190
8321,190
8322,190
8323,190
8324,190
8325,190
8326,190
8327,191
8328,191
8329,191
8330,191
8331,191
8332,191
8333,191
8334,191
8335,191
8336,191
8337,191
8338,191
8339,191
8340,191
8341,191
8342,191
8343,191
8344,191
8345,191
8346,191
8347,191
8348,191
8349,191
8350,191
8351,192
8352,192
8353,192
8354,192
8355,192
8356,192
8357,192
8358,192
8359,192
8360,192
8361,192
8362,192
8363,192
8364,192
8365,192
8366,192
8367,192
8368,192
8369,192
8370,192
8371,192
8372,192
8373,192
8374,192
8375,193
8376,193
8377,193
8378,193
8379,193
8380,193
8381,193
8382,193
8383,193
8384,193
8385,193
8386,193
8387,193
8388,193
8389,193
8390,193
8391,193
8392,193
8393,193
8394,193
8395,193
8396,193
8397,193
8398,193
8399,194
8400,194
8401,194
8402,194
8403,194
8404,194
8405,194
8406,194
8407,194
8408,194
8409,194
8410,194
8411,194
8412,194
8413,194
8414,194
8415,194
8416,194
8417,194
8418,194
8419,194
8420,194
8421,194
8422,194
8423,195
8424,195
8425,195
8426,195
8427,195
8428,195
8429,195
8430,195
8431,195
8432,195
8433,195
8434,195
8435,195
8436,195
8437,195
8438,195
8439,195
8440,195
8441,195
8442,195
8443,195
8444,195
8445,195
8446,195
8447,196
8448,196
8449,196
8450,196
8451,196
8452,196
8453,196
8454,196
8455,196
8456,196
8457,196
8458,196
8459,196
8460,196
8461,196
8462,196
8463,196
8464,196
8465,196
8466,196
8467,196
8468,196
8469,196
8470,196
8471,197
8472,197
8473,197
8474,197
8475,197
8476,197
8477,197
8478,197
8479,197
8480,197
8481,197
8482,197
8483,197
8484,197
8485,197
8486,197
8487,197
8488,197
8489,197
8490,197
8491,197
8492,197
8493,197
8494,197
8495,198
8496,198
8497,198
8498,198
8499,198
8500,198
8501,198
8502,198
8503,198
8504,198
8505,198
8506,198
8507,198
8508,198
8509,198
8510,198
8511,198
8512,198
8513,198
8514,198
8515,198
8516,198
8517,198
8518,198
8519,199
8520,199
8521,199
8522,199
8523,199
8524,199
8525,199
8526,199
8527,199
8528,199
8529,199
8530,199
8531,199
8532,199
8533,199
8534,199
8535,199
8536,199
8537,199
8538,199
8539,199
8540,199
8541,199
8542,199
8543,200
8544,200
8545,200
8546,200
8547,200
8548,200
8549,200
8550,200
8551,200
8552,200
8553,200
8554,200
8555,200
8556,200
8557,200
8558,200
8559,200
8560,200
8561,200
8562,200
8563,200
8564,200
8565,200
8566,200
8567,201
8568,201
8569,201
8570,201
8571,201
8572,201
8573,201
8574,201
8575,201
8576,201
8577,201
8578,201
8579,201
8580,201
8581,201
8582,201
8583,201
8584,201
8585,201
8586,201
8587,201
8588,201
8589,201
8590,201
8591,202
8592,202
8593,202
8594,202
8595,202
8596,202
8597,202
8598,202
8599,202
8600,202
8601,202
8602,202
8603,202
8604,202
8605,202
8606,202
8607,202
8608,202
8609,202
8610,202
8611,202
8612,202
8613,202
8614,202
8615,203
8616,203
8617,203
8618,203
8619,203
8620,203
8621,203
8622,203
8623,203
8624,203
8625,203
8626,203
8627,203
8628,203
8629,203
8630,203
8631,203
8632,203
8633,203
8634,203
8635,203
8636,203
8637,203
8638,203
8639,204
8640,204
8641,204
8642,204
8643,204
8644,204
8645,204
8646,204
8647,204
8648,204
8649,204
8650,204
8651,204
8652,204
8653,204
8654,204
8655,204
8656,204
8657,204
8658,204
8659,204
8660,204
8661,204
8662,204
8663,205
8664,205
8665,205
8666,205
8667,205
8668,205
8669,205
8670,205
8671,205
8672,205
8673,205
8674,205
8675,205
8676,205
8677,205
8678,205
8679,205
8680,205
8681,205
8682,205
8683,205
8684,205
8685,205
8686,205
8687,206
8688,206
8689,206
8690,206
8691,206
8692,206
8693,206
8694,206
8695,206
8696,206
8697,206
8698,206
8699,206
8700,206
8701,206
8702,206
8703,206
8704,206
8705,206
8706,206
8707,206
8708,206
8709,206
8710,206
8711,207
8712,207
8713,207
8714,207
8715,207
8716,207
8717,207
8718,207
8719,207
8720,207
8721,207
8722,207
8723,207
8724,207
8725,207
8726,207
8727,207
8728,207
8729,207
8730,207
8731,207
8732,207
8733,207
8734,208
8735,208
8736,208
8737,208
8738,208
8739,208
8740,208
8741,208
8742,208
8743,208
8744,208
8745,208
8746,208
8747,208
8748,208
8749,208
8750,208
8751,208
8752,208
8753,208
8754,208
8755,208
8756,208
8757,209
8758,209
8759,209
8760,209
8761,209
8762,209
8763,209
8764,209
8765,209
8766,209
8767,209
8768,209
8769,209
8770,209
8771,209
8772,209
8773,209
8774,209
8775,209
8776,209
8777,209
8778,209
8779,209
8780,210
8781,210
8782,210
8783,210
8784,210
8785,210
8786,210
8787,210
8788,210
8789,210
8790,210
8791,210
8792,210
8793,210
8794,210
8795,210
8796,210
8797,210
8798,210
8799,210
8800,210
8801,210
8802,210
8803,211
8804,211
8805,211
8806,211
8807,211
8808,211
8809,211
8810,211
8811,211
8812,211
8813,211
8814,211
8815,211
8816,211
8817,211
8818,211
8819,211
8820,211
8821,211
8822,211
8823,211
8824,211
8825,211
8826,212
8827,212
8828,212
8829,212
8830,212
8831,212
8832,212
8833,212
8834,212
8835,212
8836,212
8837,212
8838,212
8839,212
8840,212
8841,212
8842,212
8843,212
8844,212
8845,212
8846,212
8847,212
8848,212
8849,213
8850,213
8851,213
8852,213
8853,213
8854,213
8855,213
8856,213
8857,213
8858,213
8859,213
8860,213
8861,213
8862,213
8863,213
8864,213
8865,213
8866,213
8867,213
8868,213
8869,213
8870,213
8871,213
8872,214
8873,214
8874,214
8875,214
8876,214
8877,214
8878,214
8879,214
8880,214
8881,214
8882,214
8883,214
8884,214
8885,214
8886,214
8887,214
8888,214
8889,214
8890,214
8891,214
8892,214
8893,214
8894,214
8895,215
8896,215
8897,215
8898,215
8899,215
8900,215
8901,215
8902,215
8903,215
8904,215
8905,215
8906,215
8907,215
8908,215
8909,215
8910,215
8911,215
8912,215
8913,215
8914,215
8915,215
8916,215
8917,215
8918,216
8919,216
8920,216
8921,216
8922,216
8923,216
8924,216
8925,216
8926,216
8927,216
8928,216
8929,216
8930,216
8931,216
8932,216
8933,216
8934,216
8935,216
8936,216
8937,216
8938,216
8939,216
8940,216
8941,217
8942,217
8943,217
8944,217
8945,217
8946,217
8947,217
8948,217
8949,217
8950,217
8951,217
8952,217
8953,217
8954,217
8955,217
8956,217
8957,217
8958,217
8959,217
8960,217
8961,217
8962,217
8963,218
8964,218
8965,218
8966,218
8967,218
8968,218
8969,218
8970,218
8971,218
8972,218
8973,218
8974,218
8975,218
8976,218
8977,218
8978,218
8979,218
8980,218
8981,218
8982,218
8983,218
8984,218
8985,219
8986,219
8987,219
8988,219
8989,219
8990,219
8991,219
8992,219
8993,219
8994,219
8995,219
8996,219
8997,219
8998,219
8999,219
9000,219
9001,219
9002,219
9003,219
9004,219
9005,219
9006,219
9007,220
9008,220
9009,220
9010,220
9011,220
9012,220
9013,220
9014,220
9015,220
9016,220
9017,220
9018,220
9019,220
9020,220
9021,220
9022,220
9023,220
9024,220
9025,220
9026,220
9027,220
9028,220
9029,221
9030,221
9031,221
9032,221
9033,221
9034,221
9035,221
9036,221
9037,221
9038,221
9039,221
9040,221
9041,221
9042,221
9043,221
9044,221
9045,221
9046,221
9047,221
9048,221
9049,221
9050,221
9051,222
9052,222
9053,222
9054,222
9055,222
9056,222
9057,222
9058,222
9059,222
9060,222
9061,222
9062,222
9063,222
9064,222
9065,222
9066,222
9067,222
9068,222
9069,222
9070,222
9071,222
9072,222
9073,223
9074,223
9075,223
9076,223
9077,223
9078,223
9079,223
9080,223
9081,223
9082,223
9083,223
9084,223
9085,223
9086,223
9087,223
9088,223
9089,223
9090,223
9091,223
9092,223
9093,223
9094,223
9095,224
9096,224
9097,224
9098,224
9099,224
9100,224
9101,224
9102,224
9103,224
9104,224
9105,224
9106,224
9107,224
9108,224
9109,224
9110,224
9111,224
9112,224
9113,224
9114,224
9115,224
9116,224
9117,225
9118,225
9119,225
9120,225
9121,225
9122,225
9123,225
9124,225
9125,225
9126,225
9127,225
9128,225
9129,225
9130,225
9131,225
9132,225
9133,225
9134,225
9135,225
9136,225
9137,225
9138,225
9139,226
9140,226
9141,226
9142,226
9143,226
9144,226
9145,226
9146,226
9147,226
9148,226
9149,226
9150,226
9151,226
9152,226
9153,226
9154,226
9155,226
9156,226
9157,226
9158,226
9159,226
9160,226
9161,227
9162,227
9163,227
9164,227
9165,227
9166,227
9167,227
9168,227
9169,227
9170,227
9171,227
9172,227
9173,227
9174,227
9175,227
9176,227
9177,227
9178,227
9179,227
9180,227
9181,227
9182,227
9183,228
9184,228
9185,228
9186,228
9187,228
9188,228
9189,228
9190,228
9191,228
9192,228
9193,228
9194,228
9195,228
9196,228
9197,228
9198,228
9199,228
9200,228
9201,228
9202,228
9203,228
9204,228
9205,229
9206,229
9207,229
9208,229
9209,229
9210,229
9211,229
9212,229
9213,229
9214,229
9215,229
9216,229
9217,229
9218,229
9219,229
9220,229
9221,229
9222,229
9223,229
9224,229
9225,229
9226,229
9227,230
9228,230
9229,230
9230,230
9231,230
9232,230
9233,230
9234,230
9235,230
9236,230
9237,230
9238,230
9239,230
9240,230
9241,230
9242,230
9243,230
9244,230
9245,230
9246,230
9247,230
9248,230
9249,231
9250,231
9251,231
9252,231
9253,231
9254,231
9255,231
9256,231
9257,231
9258,231
9259,231
9260,231
9261,231
9262,231
9263,231
9264,231
9265,231
9266,231
9267,231
9268,231
9269,231
9270,231
9271,232
9272,232
9273,232
9274,232
9275,232
9276,232
9277,232
9278,232
9279,232
9280,232
9281,232
9282,232
9283,232
9284,232
9285,232
9286,232
9287,232
9288,232
9289,232
9290,232
9291,232
9292,233
9293,233
9294,233
9295,233
9296,233
9297,233
9298,233
9299,233
9300,233
9301,233
9302,233
9303,233
9304,233
9305,233
9306,233
9307,233
9308,233
9309,233
9310,233
9311,233
9312,233
9313,234
9314,234
9315,234
9316,234
9317,234
9318,234
9319,234
9320,234
9321,234
9322,234
9323,234
9324,234
9325,234
9326,234
9327,234
9328,234
9329,234
9330,234
9331,234
9332,234
9333,234
9334,235
9335,235
9336,235
9337,235
9338,235
9339,235
9340,235
9341,235
9342,235
9343,235
9344,235
9345,235
9346,235
9347,235
9348,235
9349,235
9350,235
9351,235
9352,235
9353,235
9354,235
9355,236
9356,236
9357,236
9358,236
9359,236
9360,236
9361,236
9362,236
9363,236
9364,236
9365,236
9366,236
9367,236
9368,236
9369,236
9370,236
9371,236
9372,236
9373,236
9374,236
9375,236
9376,237
9377,237
9378,237
9379,237
9380,237
9381,237
9382,237
9383,237
9384,237
9385,237
9386,237
9387,237
9388,237
9389,237
9390,237
9391,237
9392,237
9393,237
9394,237
9395,237
9396,237
9397,238
9398,238
9399,238
9400,238
9401,238
9402,238
9403,238
9404,238
9405,238
9406,238
9407,238
9408,238
9409,238
9410,238
9411,238
9412,238
9413,238
9414,238
9415,238
9416,238
9417,238
9418,239
9419,239
9420,239
9421,239
9422,239
9423,239
9424,239
9425,239
9426,239
9427,239
9428,239
9429,239
9430,239
9431,239
9432,239
9433,239
9434,239
9435,239
9436,239
9437,239
9438,239
9439,240
9440,240
9441,240
9442,240
9443,240
9444,240
9445,240
9446,240
9447,240
9448,240
9449,240
9450,240
9451,240
9452,240
9453,240
9454,240
9455,240
9456,240
9457,240
9458,240
9459,240
9460,241
9461,241
9462,241
9463,241
9464,241
9465,241
9466,241
9467,241
9468,241
9469,241
9470,241
9471,241
9472,241
9473,241
9474,241
9475,241
9476,241
9477,241
9478,241
9479,241
9480,241
9481,242
9482,242
9483,242
9484,242
9485,242
9486,242
9487,242
9488,242
9489,242
9490,242
9491,242
9492,242
9493,242
9494,242
9495,242
9496,242
9497,242
9498,242
9499,242
9500,242
9501,242
9502,243
9503,243
9504,243
9505,243
9506,243
9507,243
9508,243
9509,243
9510,243
9511,243
9512,243
9513,243
9514,243
9515,243
9516,243
9517,243
9518,243
9519,243
9520,243
9521,243
9522,243
9523,244
9524,244
9525,244
9526,244
9527,244
9528,244
9529,244
9530,244
9531,244
9532,244
9533,244
9534,244
9535,244
9536,244
9537,244
9538,244
9539,244
9540,244
9541,244
9542,244
9543,244
9544,245
9545,245
9546,245
9547,245
9548,245
9549,245
9550,245
9551,245
9552,245
9553,245
9554,245
9555,245
9556,245
9557,245
9558,245
9559,245
9560,245
9561,245
9562,245
9563,245
9564,245
9565,246
9566,246
9567,246
9568,246
9569,246
9570,246
9571,246
9572,246
9573,246
9574,246
9575,246
9576,246
9577,246
9578,246
9579,246
9580,246
9581,246
9582,246
9583,246
9584,246
9585,246
9586,247
9587,247
9588,247
9589,247
9590,247
9591,247
9592,247
9593,247
9594,247
9595,247
9596,247
9597,247
9598,247
9599,247
9600,247
9601,247
9602,247
9603,247
9604,247
9605,247
9606,247
9607,248
9608,248
9609,248
9610,248
9611,248
9612,248
9613,248
9614,248
9615,248
9616,248
9617,248
9618,248
9619,248
9620,248
9621,248
9622,248
9623,248
9624,248
9625,248
9626,248
9627,248
9628,249
9629,249
9630,249
9631,249
9632,249
9633,249
9634,249
9635,249
9636,249
9637,249
9638,249
9639,249
9640,249
9641,249
9642,249
9643,249
9644,249
9645,249
9646,249
9647,249
9648,250
9649,250
9650,250
9651,250
9652,250
9653,250
9654,250
9655,250
9656,250
9657,250
9658,250
9659,250
9660,250
9661,250
9662,250
9663,250
9664,250
9665,250
9666,250
9667,250
9668,251
9669,251
9670,251
9671,251
9672,251
9673,251
9674,251
9675,251
9676,251
9677,251
9678,251
9679,251
9680,251
9681,251
9682,251
9683,251
9684,251
9685,251
9686,251
9687,251
9688,252
9689,252
9690,252
9691,252
9692,252
9693,252
9694,252
9695,252
9696,252
9697,252
9698,252
9699,252
9700,252
9701,252
9702,252
9703,252
9704,252
9705,252
9706,252
9707,252
9708,253
9709,253
9710,253
9711,253
9712,253
9713,253
9714,253
9715,253
9716,253
9717,253
9718,253
9719,253
9720,253
9721,253
9722,253
9723,253
9724,253
9725,253
9726,253
9727,253
9728,254
9729,254
9730,254
9731,254
9732,254
9733,254
9734,254
9735,254
9736,254
9737,254
9738,254
9739,254
9740,254
9741,254
9742,254
9743,254
9744,254
9745,254
9746,254
9747,254
9748,255
9749,255
9750,255
9751,255
9752,255
9753,255
9754,255
9755,255
9756,255
9757,255
9758,255
9759,255
9760,255
9761,255
9762,255
9763,255
9764,255
9765,255
9766,255
9767,255
9768,256
9769,256
9770,256
9771,256
9772,256
9773,256
9774,256
9775,256
9776,256
9777,256
9778,256
9779,256
9780,256
9781,256
9782,256
9783,256
9784,256
9785,256
9786,256
9787,256
9788,257
9789,257
9790,257
9791,257
9792,257
9793,257
9794,257
9795,257
9796,257
9797,257
9798,257
9799,257
9800,257
9801,257
9802,257
9803,257
9804,257
9805,257
9806,257
9807,257
9808,258
9809,258
9810,258
9811,258
9812,258
9813,258
9814,258
9815,258
9816,258
9817,258
9818,258
9819,258
9820,258
9821,258
9822,258
9823,258
9824,258
9825,258
9826,258
9827,258
9828,259
9829,259
9830,259
9831,259
9832,259
9833,259
9834,259
9835,259
9836,259
9837,259
9838,259
9839,259
9840,259
9841,259
9842,259
9843,259
9844,259
9845,259
9846,259
9847,259
9848,260
9849,260
9850,260
9851,260
9852,260
9853,260
9854,260
9855,260
9856,260
9857,260
9858,260
9859,260
9860,260
9861,260
9862,260
9863,260
9864,260
9865,260
9866,260
9867,260
9868,261
9869,261
9870,261
9871,261
9872,261
9873,261
9874,261
9875,261
9876,261
9877,261
9878,261
9879,261
9880,261
9881,261
9882,261
9883,261
9884,261
9885,261
9886,261
9887,261
9888,262
9889,262
9890,262
9891,262
9892,262
9893,262
9894,262
9895,262
9896,262
9897,262
9898,262
9899,262
9900,262
9901,262
9902,262
9903,262
9904,262
9905,262
9906,262
9907,262
9908,263
9909,263
9910,263
9911,263
9912,263
9913,263
9914,263
9915,263
9916,263
9917,263
9918,263
9919,263
9920,263
9921,263
9922,263
9923,263
9924,263
9925,263
9926,263
9927,263
9928,264
9929,264
9930,264
9931,264
9932,264
9933,264
9934,264
9935,264
9936,264
9937,264
9938,264
9939,264
9940,264
9941,264
9942,264
9943,264
9944,264
9945,264
9946,264
9947,264
9948,265
9949,265
9950,265
9951,265
9952,265
9953,265
9954,265
9955,265
9956,265
9957,265
9958,265
9959,265
9960,265
9961,265
9962,265
9963,265
9964,265
9965,265
9966,265
9967,265
9968,266
9969,266
9970,266
9971,266
9972,266
9973,266
9974,266
9975,266
9976,266
9977,266
9978,266
9979,266
9980,266
9981,266
9982,266
9983,266
9984,266
9985,266
9986,266
9987,266
